[2026-08-27T00:05:25+05:00] Unable to load Marketplace | ParseError: syntax error, unexpected '|', expecting variable (T_VARIABLE) @ /home/shahkotp/public_html/app/store.php:14
[2026-08-27T00:05:25+05:00] FATAL: Uncaught Error: Call to undefined function json_encode() in /home/shahkotp/public_html/app/cms.php:25
Stack trace:
#0 /home/shahkotp/public_html/index.php(15): cms_encode_layout(Array)
#1 {main}
  thrown @ /home/shahkotp/public_html/app/cms.php:25
[2026-08-27T00:05:26+05:00] Unable to load Marketplace | ParseError: syntax error, unexpected '|', expecting variable (T_VARIABLE) @ /home/shahkotp/public_html/app/store.php:14
[2026-08-27T00:05:26+05:00] FATAL: Uncaught Error: Call to undefined function json_encode() in /home/shahkotp/public_html/app/cms.php:25
Stack trace:
#0 /home/shahkotp/public_html/index.php(15): cms_encode_layout(Array)
#1 {main}
  thrown @ /home/shahkotp/public_html/app/cms.php:25
[2026-08-27T00:05:34+05:00] Unable to load Marketplace | ParseError: syntax error, unexpected '|', expecting variable (T_VARIABLE) @ /home/shahkotp/public_html/app/store.php:14
[2026-08-27T00:05:34+05:00] FATAL: syntax error, unexpected ',' @ /home/shahkotp/public_html/app/accounting.php:72
[2026-08-27T00:05:38+05:00] Unable to load Marketplace | ParseError: syntax error, unexpected '|', expecting variable (T_VARIABLE) @ /home/shahkotp/public_html/app/store.php:14
[2026-08-27T00:05:38+05:00] FATAL: syntax error, unexpected ',' @ /home/shahkotp/public_html/app/accounting.php:72
[2026-08-27T00:06:52+05:00] Unable to load Marketplace | ParseError: syntax error, unexpected '|', expecting variable (T_VARIABLE) @ /home/shahkotp/public_html/app/store.php:14
[2026-08-27T00:06:52+05:00] Unable to resolve current user | Error: Class 'PDO' not found @ /home/shahkotp/public_html/app/bootstrap.php:30
[2026-08-27T00:06:52+05:00] FATAL: Uncaught Error: Call to undefined function json_encode() in /home/shahkotp/public_html/app/cms.php:25
Stack trace:
#0 /home/shahkotp/public_html/index.php(15): cms_encode_layout(Array)
#1 {main}
  thrown @ /home/shahkotp/public_html/app/cms.php:25
[2026-08-27T00:06:59+05:00] Unable to load Marketplace | ParseError: syntax error, unexpected '|', expecting variable (T_VARIABLE) @ /home/shahkotp/public_html/app/store.php:14
[2026-08-27T00:06:59+05:00] FATAL: syntax error, unexpected ',' @ /home/shahkotp/public_html/app/accounting.php:72
[2026-08-27T00:07:43+05:00] Unable to load Marketplace | ParseError: syntax error, unexpected '|', expecting variable (T_VARIABLE) @ /home/shahkotp/public_html/app/store.php:14
[2026-08-27T00:07:43+05:00] FATAL: Uncaught Error: Call to undefined function json_encode() in /home/shahkotp/public_html/app/cms.php:25
Stack trace:
#0 /home/shahkotp/public_html/index.php(15): cms_encode_layout(Array)
#1 {main}
  thrown @ /home/shahkotp/public_html/app/cms.php:25
[2026-08-27T00:11:22+05:00] Unable to load Marketplace | ParseError: syntax error, unexpected '|', expecting variable (T_VARIABLE) @ /home/shahkotp/public_html/app/store.php:14
[2026-08-27T00:11:22+05:00] FATAL: Uncaught Error: Call to undefined function json_encode() in /home/shahkotp/public_html/app/cms.php:25
Stack trace:
#0 /home/shahkotp/public_html/index.php(15): cms_encode_layout(Array)
#1 {main}
  thrown @ /home/shahkotp/public_html/app/cms.php:25
[2026-08-27T00:11:47+05:00] Unable to load Marketplace | ParseError: syntax error, unexpected '|', expecting variable (T_VARIABLE) @ /home/shahkotp/public_html/app/store.php:14
[2026-08-27T00:11:47+05:00] FATAL: Uncaught Error: Call to undefined function json_encode() in /home/shahkotp/public_html/app/cms.php:25
Stack trace:
#0 /home/shahkotp/public_html/index.php(15): cms_encode_layout(Array)
#1 {main}
  thrown @ /home/shahkotp/public_html/app/cms.php:25
[2026-08-27T00:11:47+05:00] Unable to load Marketplace | ParseError: syntax error, unexpected '|', expecting variable (T_VARIABLE) @ /home/shahkotp/public_html/app/store.php:14
[2026-08-27T00:11:47+05:00] FATAL: Uncaught Error: Call to undefined function json_encode() in /home/shahkotp/public_html/app/cms.php:25
Stack trace:
#0 /home/shahkotp/public_html/index.php(15): cms_encode_layout(Array)
#1 {main}
  thrown @ /home/shahkotp/public_html/app/cms.php:25
[2026-08-27T00:11:54+05:00] Unable to load Marketplace | ParseError: syntax error, unexpected '|', expecting variable (T_VARIABLE) @ /home/shahkotp/public_html/app/store.php:14
[2026-08-27T00:11:54+05:00] FATAL: Uncaught Error: Call to undefined function json_encode() in /home/shahkotp/public_html/app/cms.php:25
Stack trace:
#0 /home/shahkotp/public_html/index.php(15): cms_encode_layout(Array)
#1 {main}
  thrown @ /home/shahkotp/public_html/app/cms.php:25
[2026-08-27T00:11:54+05:00] Unable to load Marketplace | ParseError: syntax error, unexpected '|', expecting variable (T_VARIABLE) @ /home/shahkotp/public_html/app/store.php:14
[2026-08-27T00:11:54+05:00] FATAL: Uncaught Error: Call to undefined function json_encode() in /home/shahkotp/public_html/app/cms.php:25
Stack trace:
#0 /home/shahkotp/public_html/index.php(15): cms_encode_layout(Array)
#1 {main}
  thrown @ /home/shahkotp/public_html/app/cms.php:25
[2026-08-27T01:37:54+05:00] FATAL: Uncaught Error: Call to undefined function admin_header() in /home/shahkotp/public_html/admin/operations-center.php:44
Stack trace:
#0 /home/shahkotp/public_html/admin/backups.php(3): require()
#1 {main}
  thrown @ /home/shahkotp/public_html/admin/operations-center.php:44
[2026-08-27T01:38:06+05:00] FATAL: Uncaught Error: Call to undefined function admin_header() in /home/shahkotp/public_html/admin/operations-center.php:44
Stack trace:
#0 /home/shahkotp/public_html/admin/delivery.php(3): require()
#1 {main}
  thrown @ /home/shahkotp/public_html/admin/operations-center.php:44
[2026-08-27T01:38:10+05:00] FATAL: Uncaught Error: Call to undefined function admin_header() in /home/shahkotp/public_html/admin/operations-center.php:44
Stack trace:
#0 /home/shahkotp/public_html/admin/disputes.php(3): require()
#1 {main}
  thrown @ /home/shahkotp/public_html/admin/operations-center.php:44
[2026-08-27T01:38:15+05:00] FATAL: Uncaught Error: Call to undefined function admin_header() in /home/shahkotp/public_html/admin/operations-center.php:44
Stack trace:
#0 /home/shahkotp/public_html/admin/queues.php(3): require()
#1 {main}
  thrown @ /home/shahkotp/public_html/admin/operations-center.php:44
[2026-08-27T01:38:20+05:00] FATAL: Uncaught Error: Call to undefined function admin_header() in /home/shahkotp/public_html/admin/operations-center.php:44
Stack trace:
#0 /home/shahkotp/public_html/admin/operations.php(3): require()
#1 {main}
  thrown @ /home/shahkotp/public_html/admin/operations-center.php:44
[2026-08-27T01:40:08+05:00] FATAL: Uncaught Error: Call to undefined function admin_header() in /home/shahkotp/public_html/admin/operations-center.php:44
Stack trace:
#0 /home/shahkotp/public_html/admin/payouts.php(3): require()
#1 {main}
  thrown @ /home/shahkotp/public_html/admin/operations-center.php:44
[2026-08-27T01:49:58+05:00] FATAL: Uncaught Error: Call to undefined function admin_header() in /home/shahkotp/public_html/admin/operations-diagnostic.php:10
Stack trace:
#0 {main}
  thrown @ /home/shahkotp/public_html/admin/operations-diagnostic.php:10
[2026-08-27T01:50:01+05:00] FATAL: Uncaught Error: Call to undefined function admin_header() in /home/shahkotp/public_html/admin/operations-diagnostic.php:10
Stack trace:
#0 {main}
  thrown @ /home/shahkotp/public_html/admin/operations-diagnostic.php:10
[2026-08-27T01:50:30+05:00] FATAL: Uncaught Error: Call to undefined function admin_header() in /home/shahkotp/public_html/admin/operations-center.php:57
Stack trace:
#0 /home/shahkotp/public_html/admin/operations.php(3): require()
#1 {main}
  thrown @ /home/shahkotp/public_html/admin/operations-center.php:57
[2026-08-27T01:50:35+05:00] FATAL: Uncaught Error: Call to undefined function admin_header() in /home/shahkotp/public_html/admin/operations-center.php:57
Stack trace:
#0 /home/shahkotp/public_html/admin/disputes.php(3): require()
#1 {main}
  thrown @ /home/shahkotp/public_html/admin/operations-center.php:57
[2026-08-27T02:38:35+05:00] FATAL: Uncaught Error: Call to undefined function page_start() in /home/shahkotp/public_html/admin/activity-logs.php:43
Stack trace:
#0 {main}
  thrown @ /home/shahkotp/public_html/admin/activity-logs.php:43
[2026-08-27T02:38:53+05:00] FATAL: Uncaught Error: Call to undefined function page_start() in /home/shahkotp/public_html/admin/activity-logs.php:43
Stack trace:
#0 {main}
  thrown @ /home/shahkotp/public_html/admin/activity-logs.php:43
[2026-08-27T02:43:32+05:00] FATAL: Uncaught Error: Call to undefined function page_start() in /home/shahkotp/public_html/admin/activity-logs.php:43
Stack trace:
#0 {main}
  thrown @ /home/shahkotp/public_html/admin/activity-logs.php:43
[2026-08-27T15:36:29+00:00] FATAL: Uncaught TypeError: current_tenant(): Return value must be of type ?array, bool returned in /home/shahkotp/public_html/app/tenancy_v5.php:27
Stack trace:
#0 /home/shahkotp/public_html/app/tenancy_v5.php(37): current_tenant()
#1 /home/shahkotp/public_html/app/settings.php(372): tenant_brand()
#2 /home/shahkotp/public_html/app/bootstrap.php(100): setting()
#3 /home/shahkotp/public_html/not-found.php(3): require_once('/home/shahkotp/...')
#4 {main}
  thrown @ /home/shahkotp/public_html/app/tenancy_v5.php:27
[2026-08-27T22:02:08+05:00] FATAL: Uncaught TypeError: blog_title(): Argument #2 ($lang) must be of type string, null given, called in /home/shahkotp/public_html/blog.php on line 7 and defined in /home/shahkotp/public_html/app/blog.php:25
Stack trace:
#0 /home/shahkotp/public_html/blog.php(7): blog_title()
#1 {main}
  thrown @ /home/shahkotp/public_html/app/blog.php:25
[2026-08-27T22:02:12+05:00] FATAL: Uncaught TypeError: blog_title(): Argument #2 ($lang) must be of type string, null given, called in /home/shahkotp/public_html/blog.php on line 5 and defined in /home/shahkotp/public_html/app/blog.php:25
Stack trace:
#0 /home/shahkotp/public_html/blog.php(5): blog_title()
#1 {main}
  thrown @ /home/shahkotp/public_html/app/blog.php:25
[2026-08-27T22:02:18+05:00] FATAL: Uncaught TypeError: blog_title(): Argument #2 ($lang) must be of type string, null given, called in /home/shahkotp/public_html/blog.php on line 7 and defined in /home/shahkotp/public_html/app/blog.php:25
Stack trace:
#0 /home/shahkotp/public_html/blog.php(7): blog_title()
#1 {main}
  thrown @ /home/shahkotp/public_html/app/blog.php:25
[2026-08-27T22:32:19+05:00] FATAL: Cannot redeclare payment_reference() (previously declared in /home/shahkotp/public_html/app/payments.php:4) @ /home/shahkotp/public_html/app/payments.php:4
[2026-08-27T22:32:21+05:00] FATAL: Cannot redeclare payment_reference() (previously declared in /home/shahkotp/public_html/app/payments.php:4) @ /home/shahkotp/public_html/app/payments.php:4
[2026-08-27T17:43:18+00:00] FATAL: Uncaught TypeError: current_tenant(): Return value must be of type ?array, bool returned in /home/shahkotp/public_html/app/tenancy_v5.php:27
Stack trace:
#0 /home/shahkotp/public_html/app/tenancy_v5.php(37): current_tenant()
#1 /home/shahkotp/public_html/app/settings.php(372): tenant_brand()
#2 /home/shahkotp/public_html/app/bootstrap.php(100): setting()
#3 /home/shahkotp/public_html/not-found.php(3): require_once('/home/shahkotp/...')
#4 {main}
  thrown @ /home/shahkotp/public_html/app/tenancy_v5.php:27
[2026-08-27T18:32:17+00:00] FATAL: Uncaught TypeError: current_tenant(): Return value must be of type ?array, bool returned in /home/shahkotp/public_html/app/tenancy_v5.php:27
Stack trace:
#0 /home/shahkotp/public_html/app/tenancy_v5.php(37): current_tenant()
#1 /home/shahkotp/public_html/app/settings.php(372): tenant_brand()
#2 /home/shahkotp/public_html/app/bootstrap.php(100): setting()
#3 /home/shahkotp/public_html/index.php(2): require('/home/shahkotp/...')
#4 {main}
  thrown @ /home/shahkotp/public_html/app/tenancy_v5.php:27
[2026-08-27T18:32:26+00:00] FATAL: Uncaught TypeError: current_tenant(): Return value must be of type ?array, bool returned in /home/shahkotp/public_html/app/tenancy_v5.php:27
Stack trace:
#0 /home/shahkotp/public_html/app/tenancy_v5.php(37): current_tenant()
#1 /home/shahkotp/public_html/app/settings.php(372): tenant_brand()
#2 /home/shahkotp/public_html/app/bootstrap.php(100): setting()
#3 /home/shahkotp/public_html/index.php(2): require('/home/shahkotp/...')
#4 {main}
  thrown @ /home/shahkotp/public_html/app/tenancy_v5.php:27
[2026-08-28T01:13:30+05:00] FATAL: Uncaught Error: Call to undefined function page_end() in /home/shahkotp/public_html/admin/location-discovery.php:30
Stack trace:
#0 {main}
  thrown @ /home/shahkotp/public_html/admin/location-discovery.php:30
[2026-08-28T01:13:49+05:00] FATAL: Uncaught Error: Call to undefined function page_end() in /home/shahkotp/public_html/admin/location-discovery.php:30
Stack trace:
#0 {main}
  thrown @ /home/shahkotp/public_html/admin/location-discovery.php:30
[2026-08-28T01:14:17+05:00] FATAL: Uncaught Error: Call to undefined function page_end() in /home/shahkotp/public_html/admin/location-discovery.php:30
Stack trace:
#0 {main}
  thrown @ /home/shahkotp/public_html/admin/location-discovery.php:30
[2026-08-28T01:14:45+05:00] FATAL: Uncaught Error: Call to undefined function page_end() in /home/shahkotp/public_html/admin/live.php:114
Stack trace:
#0 {main}
  thrown @ /home/shahkotp/public_html/admin/live.php:114
[2026-08-28T01:15:02+05:00] FATAL: Uncaught Error: Call to undefined function page_end() in /home/shahkotp/public_html/admin/live.php:114
Stack trace:
#0 {main}
  thrown @ /home/shahkotp/public_html/admin/live.php:114
[2026-08-28T01:15:03+05:00] FATAL: Uncaught Error: Call to undefined function page_end() in /home/shahkotp/public_html/admin/live.php:114
Stack trace:
#0 {main}
  thrown @ /home/shahkotp/public_html/admin/live.php:114
[2026-08-28T01:15:11+05:00] FATAL: Uncaught Error: Call to undefined function page_end() in /home/shahkotp/public_html/admin/live.php:114
Stack trace:
#0 {main}
  thrown @ /home/shahkotp/public_html/admin/live.php:114
[2026-08-28T01:15:15+05:00] FATAL: Uncaught Error: Call to undefined function page_end() in /home/shahkotp/public_html/admin/live.php:114
Stack trace:
#0 {main}
  thrown @ /home/shahkotp/public_html/admin/live.php:114
[2026-08-28T01:15:30+05:00] FATAL: Uncaught Error: Call to undefined function page_end() in /home/shahkotp/public_html/admin/live.php:114
Stack trace:
#0 {main}
  thrown @ /home/shahkotp/public_html/admin/live.php:114
[2026-08-28T01:15:32+05:00] FATAL: Uncaught Error: Call to undefined function page_end() in /home/shahkotp/public_html/admin/live.php:114
Stack trace:
#0 {main}
  thrown @ /home/shahkotp/public_html/admin/live.php:114
[2026-08-28T01:15:37+05:00] FATAL: Uncaught Error: Call to undefined function page_end() in /home/shahkotp/public_html/admin/live.php:114
Stack trace:
#0 {main}
  thrown @ /home/shahkotp/public_html/admin/live.php:114
[2026-08-28T01:15:43+05:00] FATAL: Uncaught Error: Call to undefined function page_end() in /home/shahkotp/public_html/admin/live.php:114
Stack trace:
#0 {main}
  thrown @ /home/shahkotp/public_html/admin/live.php:114
[2026-08-28T01:18:24+05:00] FATAL: Uncaught Error: Call to undefined function page_end() in /home/shahkotp/public_html/admin/live.php:114
Stack trace:
#0 {main}
  thrown @ /home/shahkotp/public_html/admin/live.php:114
[2026-08-28T02:07:30+05:00] FATAL: Uncaught Error: Call to undefined function page_end() in /home/shahkotp/public_html/admin/shop.php:33
Stack trace:
#0 {main}
  thrown @ /home/shahkotp/public_html/admin/shop.php:33
[2026-08-28T02:07:41+05:00] FATAL: Uncaught Error: Call to undefined function page_end() in /home/shahkotp/public_html/admin/shop.php:33
Stack trace:
#0 {main}
  thrown @ /home/shahkotp/public_html/admin/shop.php:33
[2026-08-28T02:07:42+05:00] FATAL: Uncaught Error: Call to undefined function page_end() in /home/shahkotp/public_html/admin/shop.php:33
Stack trace:
#0 {main}
  thrown @ /home/shahkotp/public_html/admin/shop.php:33
[2026-08-28T02:07:43+05:00] FATAL: Uncaught Error: Call to undefined function page_end() in /home/shahkotp/public_html/admin/shop.php:33
Stack trace:
#0 {main}
  thrown @ /home/shahkotp/public_html/admin/shop.php:33
[2026-08-28T02:07:45+05:00] FATAL: Uncaught Error: Call to undefined function page_end() in /home/shahkotp/public_html/admin/shop.php:33
Stack trace:
#0 {main}
  thrown @ /home/shahkotp/public_html/admin/shop.php:33
[2026-08-28T02:07:46+05:00] FATAL: Uncaught Error: Call to undefined function page_end() in /home/shahkotp/public_html/admin/shop.php:33
Stack trace:
#0 {main}
  thrown @ /home/shahkotp/public_html/admin/shop.php:33
[2026-08-28T02:07:48+05:00] FATAL: Uncaught Error: Call to undefined function page_end() in /home/shahkotp/public_html/admin/shop.php:33
Stack trace:
#0 {main}
  thrown @ /home/shahkotp/public_html/admin/shop.php:33
[2026-08-28T02:07:51+05:00] FATAL: Uncaught Error: Call to undefined function page_end() in /home/shahkotp/public_html/admin/shop.php:33
Stack trace:
#0 {main}
  thrown @ /home/shahkotp/public_html/admin/shop.php:33
[2026-08-28T02:07:53+05:00] FATAL: Uncaught Error: Call to undefined function page_end() in /home/shahkotp/public_html/admin/shop.php:33
Stack trace:
#0 {main}
  thrown @ /home/shahkotp/public_html/admin/shop.php:33
[2026-08-28T02:07:54+05:00] FATAL: Uncaught Error: Call to undefined function page_end() in /home/shahkotp/public_html/admin/shop.php:33
Stack trace:
#0 {main}
  thrown @ /home/shahkotp/public_html/admin/shop.php:33
[2026-08-28T02:07:55+05:00] FATAL: Uncaught Error: Call to undefined function page_end() in /home/shahkotp/public_html/admin/shop.php:33
Stack trace:
#0 {main}
  thrown @ /home/shahkotp/public_html/admin/shop.php:33
[2026-08-28T02:07:56+05:00] FATAL: Uncaught Error: Call to undefined function page_end() in /home/shahkotp/public_html/admin/shop.php:33
Stack trace:
#0 {main}
  thrown @ /home/shahkotp/public_html/admin/shop.php:33
[2026-08-28T02:07:58+05:00] FATAL: Uncaught Error: Call to undefined function page_end() in /home/shahkotp/public_html/admin/shop.php:33
Stack trace:
#0 {main}
  thrown @ /home/shahkotp/public_html/admin/shop.php:33
[2026-08-28T02:08:00+05:00] FATAL: Uncaught Error: Call to undefined function page_end() in /home/shahkotp/public_html/admin/shop.php:33
Stack trace:
#0 {main}
  thrown @ /home/shahkotp/public_html/admin/shop.php:33
[2026-08-28T02:08:02+05:00] FATAL: Uncaught Error: Call to undefined function page_end() in /home/shahkotp/public_html/admin/shop.php:33
Stack trace:
#0 {main}
  thrown @ /home/shahkotp/public_html/admin/shop.php:33
[2026-08-28T02:17:47+05:00] FATAL: Uncaught Error: Call to undefined function page_end() in /home/shahkotp/public_html/admin/shop.php:33
Stack trace:
#0 {main}
  thrown @ /home/shahkotp/public_html/admin/shop.php:33
[2026-08-28T02:19:07+05:00] FATAL: Uncaught Error: Call to undefined function page_end() in /home/shahkotp/public_html/admin/shop.php:33
Stack trace:
#0 {main}
  thrown @ /home/shahkotp/public_html/admin/shop.php:33
[2026-08-28T02:19:15+05:00] FATAL: Uncaught Error: Call to undefined function page_end() in /home/shahkotp/public_html/admin/shop.php:33
Stack trace:
#0 {main}
  thrown @ /home/shahkotp/public_html/admin/shop.php:33
[2026-08-28T02:19:17+05:00] FATAL: Uncaught Error: Call to undefined function page_end() in /home/shahkotp/public_html/admin/shop.php:33
Stack trace:
#0 {main}
  thrown @ /home/shahkotp/public_html/admin/shop.php:33
[2026-08-28T02:19:19+05:00] FATAL: Uncaught Error: Call to undefined function page_end() in /home/shahkotp/public_html/admin/shop.php:33
Stack trace:
#0 {main}
  thrown @ /home/shahkotp/public_html/admin/shop.php:33
[2026-08-28T02:19:25+05:00] FATAL: Uncaught Error: Call to undefined function page_end() in /home/shahkotp/public_html/admin/pos.php:2
Stack trace:
#0 {main}
  thrown @ /home/shahkotp/public_html/admin/pos.php:2
[2026-08-28T02:19:43+05:00] FATAL: Uncaught Error: Call to undefined function page_end() in /home/shahkotp/public_html/admin/shop.php:33
Stack trace:
#0 {main}
  thrown @ /home/shahkotp/public_html/admin/shop.php:33
[2026-08-28T02:19:48+05:00] FATAL: Uncaught Error: Call to undefined function page_end() in /home/shahkotp/public_html/admin/shop.php:33
Stack trace:
#0 {main}
  thrown @ /home/shahkotp/public_html/admin/shop.php:33
[2026-08-28T02:19:49+05:00] FATAL: Uncaught Error: Call to undefined function page_end() in /home/shahkotp/public_html/admin/shop.php:33
Stack trace:
#0 {main}
  thrown @ /home/shahkotp/public_html/admin/shop.php:33
[2026-08-28T02:19:59+05:00] FATAL: Uncaught Error: Call to undefined function page_end() in /home/shahkotp/public_html/admin/shop.php:33
Stack trace:
#0 {main}
  thrown @ /home/shahkotp/public_html/admin/shop.php:33
[2026-08-28T02:20:01+05:00] FATAL: Uncaught Error: Call to undefined function page_end() in /home/shahkotp/public_html/admin/shop.php:33
Stack trace:
#0 {main}
  thrown @ /home/shahkotp/public_html/admin/shop.php:33
[2026-08-28T02:20:04+05:00] FATAL: Uncaught Error: Call to undefined function page_end() in /home/shahkotp/public_html/admin/shop.php:33
Stack trace:
#0 {main}
  thrown @ /home/shahkotp/public_html/admin/shop.php:33
[2026-08-28T02:20:04+05:00] FATAL: Uncaught Error: Call to undefined function page_end() in /home/shahkotp/public_html/admin/shop.php:33
Stack trace:
#0 {main}
  thrown @ /home/shahkotp/public_html/admin/shop.php:33
[2026-08-28T02:20:07+05:00] FATAL: Uncaught Error: Call to undefined function page_end() in /home/shahkotp/public_html/admin/shop.php:33
Stack trace:
#0 {main}
  thrown @ /home/shahkotp/public_html/admin/shop.php:33
[2026-08-28T02:20:09+05:00] FATAL: Uncaught Error: Call to undefined function page_end() in /home/shahkotp/public_html/admin/shop.php:33
Stack trace:
#0 {main}
  thrown @ /home/shahkotp/public_html/admin/shop.php:33
[2026-08-28T02:20:12+05:00] FATAL: Uncaught Error: Call to undefined function page_end() in /home/shahkotp/public_html/admin/shop.php:33
Stack trace:
#0 {main}
  thrown @ /home/shahkotp/public_html/admin/shop.php:33
[2026-08-28T02:27:27+05:00] FATAL: Uncaught Error: Call to undefined function page_end() in /home/shahkotp/public_html/admin/location-discovery.php:30
Stack trace:
#0 {main}
  thrown @ /home/shahkotp/public_html/admin/location-discovery.php:30
[2026-08-28T02:33:48+05:00] FATAL: Uncaught Error: Call to undefined function page_end() in /home/shahkotp/public_html/admin/location-discovery.php:30
Stack trace:
#0 {main}
  thrown @ /home/shahkotp/public_html/admin/location-discovery.php:30
[2026-08-28T02:46:50+05:00] FATAL: Uncaught TypeError: pr560_area(): Argument #2 ($unit) must be of type string, null given, called in /home/shahkotp/public_html/admin/property.php on line 13 and defined in /home/shahkotp/public_html/app/property_v560.php:12
Stack trace:
#0 /home/shahkotp/public_html/admin/property.php(13): pr560_area()
#1 {main}
  thrown @ /home/shahkotp/public_html/app/property_v560.php:12
[2026-08-28T02:46:56+05:00] FATAL: Uncaught TypeError: ucfirst(): Argument #1 ($string) must be of type string, null given in /home/shahkotp/public_html/admin/property.php:14
Stack trace:
#0 /home/shahkotp/public_html/admin/property.php(14): ucfirst()
#1 {main}
  thrown @ /home/shahkotp/public_html/admin/property.php:14
[2026-08-28T02:47:04+05:00] FATAL: Uncaught Error: Call to undefined function page_end() in /home/shahkotp/public_html/admin/property.php:21
Stack trace:
#0 {main}
  thrown @ /home/shahkotp/public_html/admin/property.php:21
[2026-08-28T02:47:05+05:00] FATAL: Uncaught Error: Call to undefined function page_end() in /home/shahkotp/public_html/admin/property.php:21
Stack trace:
#0 {main}
  thrown @ /home/shahkotp/public_html/admin/property.php:21
[2026-08-28T02:47:06+05:00] FATAL: Uncaught Error: Call to undefined function page_end() in /home/shahkotp/public_html/admin/property.php:21
Stack trace:
#0 {main}
  thrown @ /home/shahkotp/public_html/admin/property.php:21
[2026-08-28T02:47:07+05:00] FATAL: Uncaught Error: Call to undefined function page_end() in /home/shahkotp/public_html/admin/property.php:21
Stack trace:
#0 {main}
  thrown @ /home/shahkotp/public_html/admin/property.php:21
[2026-08-28T02:47:08+05:00] FATAL: Uncaught Error: Call to undefined function page_end() in /home/shahkotp/public_html/admin/property.php:21
Stack trace:
#0 {main}
  thrown @ /home/shahkotp/public_html/admin/property.php:21
[2026-08-28T02:47:09+05:00] FATAL: Uncaught Error: Call to undefined function page_end() in /home/shahkotp/public_html/admin/property.php:21
Stack trace:
#0 {main}
  thrown @ /home/shahkotp/public_html/admin/property.php:21
[2026-08-28T02:47:11+05:00] FATAL: Uncaught Error: Call to undefined function page_end() in /home/shahkotp/public_html/admin/property.php:21
Stack trace:
#0 {main}
  thrown @ /home/shahkotp/public_html/admin/property.php:21
[2026-08-28T02:47:17+05:00] FATAL: Uncaught TypeError: pr560_area(): Argument #2 ($unit) must be of type string, null given, called in /home/shahkotp/public_html/admin/property.php on line 13 and defined in /home/shahkotp/public_html/app/property_v560.php:12
Stack trace:
#0 /home/shahkotp/public_html/admin/property.php(13): pr560_area()
#1 {main}
  thrown @ /home/shahkotp/public_html/app/property_v560.php:12
[2026-08-28T02:47:20+05:00] FATAL: Uncaught TypeError: ucfirst(): Argument #1 ($string) must be of type string, null given in /home/shahkotp/public_html/admin/property.php:14
Stack trace:
#0 /home/shahkotp/public_html/admin/property.php(14): ucfirst()
#1 {main}
  thrown @ /home/shahkotp/public_html/admin/property.php:14
[2026-08-28T02:47:31+05:00] FATAL: Uncaught Error: Call to undefined function page_end() in /home/shahkotp/public_html/admin/property.php:21
Stack trace:
#0 {main}
  thrown @ /home/shahkotp/public_html/admin/property.php:21
[2026-08-28T03:11:00+05:00] FATAL: Uncaught Error: Call to undefined function page_end() in /home/shahkotp/public_html/admin/shop.php:33
Stack trace:
#0 {main}
  thrown @ /home/shahkotp/public_html/admin/shop.php:33
[2026-08-28T03:11:07+05:00] FATAL: Uncaught Error: Call to undefined function page_end() in /home/shahkotp/public_html/admin/shop.php:33
Stack trace:
#0 {main}
  thrown @ /home/shahkotp/public_html/admin/shop.php:33
[2026-08-28T03:11:12+05:00] FATAL: Uncaught Error: Call to undefined function page_end() in /home/shahkotp/public_html/admin/shop.php:33
Stack trace:
#0 {main}
  thrown @ /home/shahkotp/public_html/admin/shop.php:33
[2026-08-28T03:11:12+05:00] FATAL: Uncaught Error: Call to undefined function page_end() in /home/shahkotp/public_html/admin/shop.php:33
Stack trace:
#0 {main}
  thrown @ /home/shahkotp/public_html/admin/shop.php:33
[2026-08-28T03:11:14+05:00] FATAL: Uncaught Error: Call to undefined function page_end() in /home/shahkotp/public_html/admin/shop.php:33
Stack trace:
#0 {main}
  thrown @ /home/shahkotp/public_html/admin/shop.php:33
[2026-08-28T03:11:17+05:00] FATAL: Uncaught Error: Call to undefined function page_end() in /home/shahkotp/public_html/admin/shop.php:33
Stack trace:
#0 {main}
  thrown @ /home/shahkotp/public_html/admin/shop.php:33
[2026-08-28T03:13:20+05:00] FATAL: Uncaught Error: Call to undefined function page_end() in /home/shahkotp/public_html/admin/shop.php:33
Stack trace:
#0 {main}
  thrown @ /home/shahkotp/public_html/admin/shop.php:33
[2026-08-28T03:16:09+05:00] FATAL: Uncaught Error: Call to undefined function page_end() in /home/shahkotp/public_html/admin/shop.php:33
Stack trace:
#0 {main}
  thrown @ /home/shahkotp/public_html/admin/shop.php:33
[2026-08-28T03:19:14+05:00] FATAL: Uncaught Error: Call to undefined function page_end() in /home/shahkotp/public_html/admin/blood-bank.php:33
Stack trace:
#0 {main}
  thrown @ /home/shahkotp/public_html/admin/blood-bank.php:33
[2026-08-28T03:21:00+05:00] FATAL: Uncaught Error: Call to undefined function page_end() in /home/shahkotp/public_html/admin/blood-bank.php:33
Stack trace:
#0 {main}
  thrown @ /home/shahkotp/public_html/admin/blood-bank.php:33
[2026-08-28T03:24:02+05:00] FATAL: Uncaught Error: Call to undefined function page_end() in /home/shahkotp/public_html/admin/blood-bank.php:33
Stack trace:
#0 {main}
  thrown @ /home/shahkotp/public_html/admin/blood-bank.php:33
[2026-08-28T03:24:06+05:00] FATAL: Uncaught Error: Call to undefined function page_end() in /home/shahkotp/public_html/admin/blood-bank.php:33
Stack trace:
#0 {main}
  thrown @ /home/shahkotp/public_html/admin/blood-bank.php:33
[2026-08-28T03:24:08+05:00] FATAL: Uncaught Error: Call to undefined function page_end() in /home/shahkotp/public_html/admin/blood-bank.php:33
Stack trace:
#0 {main}
  thrown @ /home/shahkotp/public_html/admin/blood-bank.php:33
[2026-08-28T03:24:09+05:00] FATAL: Uncaught Error: Call to undefined function page_end() in /home/shahkotp/public_html/admin/blood-bank.php:33
Stack trace:
#0 {main}
  thrown @ /home/shahkotp/public_html/admin/blood-bank.php:33
[2026-08-28T03:24:11+05:00] FATAL: Uncaught Error: Call to undefined function page_end() in /home/shahkotp/public_html/admin/blood-bank.php:33
Stack trace:
#0 {main}
  thrown @ /home/shahkotp/public_html/admin/blood-bank.php:33
[2026-08-28T03:24:12+05:00] FATAL: Uncaught Error: Call to undefined function page_end() in /home/shahkotp/public_html/admin/blood-bank.php:33
Stack trace:
#0 {main}
  thrown @ /home/shahkotp/public_html/admin/blood-bank.php:33
[2026-08-28T03:24:17+05:00] FATAL: Uncaught Error: Call to undefined function page_end() in /home/shahkotp/public_html/admin/blood-bank.php:33
Stack trace:
#0 {main}
  thrown @ /home/shahkotp/public_html/admin/blood-bank.php:33
[2026-08-28T03:24:19+05:00] FATAL: Uncaught Error: Call to undefined function page_end() in /home/shahkotp/public_html/admin/blood-bank.php:33
Stack trace:
#0 {main}
  thrown @ /home/shahkotp/public_html/admin/blood-bank.php:33
[2026-08-28T03:24:21+05:00] FATAL: Uncaught Error: Call to undefined function page_end() in /home/shahkotp/public_html/admin/blood-bank.php:33
Stack trace:
#0 {main}
  thrown @ /home/shahkotp/public_html/admin/blood-bank.php:33
[2026-08-28T03:24:26+05:00] FATAL: Uncaught Error: Call to undefined function page_end() in /home/shahkotp/public_html/admin/blood-bank.php:33
Stack trace:
#0 {main}
  thrown @ /home/shahkotp/public_html/admin/blood-bank.php:33
[2026-08-28T03:24:37+05:00] FATAL: Uncaught Error: Call to undefined function page_end() in /home/shahkotp/public_html/admin/blood-bank.php:33
Stack trace:
#0 {main}
  thrown @ /home/shahkotp/public_html/admin/blood-bank.php:33
[2026-08-28T12:40:26+05:00] FATAL: Uncaught Error: Call to undefined function page_end() in /home/shahkotp/public_html/admin/doctor-online.php:31
Stack trace:
#0 {main}
  thrown @ /home/shahkotp/public_html/admin/doctor-online.php:31
[2026-08-28T12:40:31+05:00] FATAL: Uncaught Error: Call to undefined function page_end() in /home/shahkotp/public_html/admin/doctor-online.php:31
Stack trace:
#0 {main}
  thrown @ /home/shahkotp/public_html/admin/doctor-online.php:31
[2026-08-28T12:40:34+05:00] FATAL: Uncaught Error: Call to undefined function page_end() in /home/shahkotp/public_html/admin/doctor-online.php:31
Stack trace:
#0 {main}
  thrown @ /home/shahkotp/public_html/admin/doctor-online.php:31
[2026-08-28T12:40:36+05:00] FATAL: Uncaught Error: Call to undefined function page_end() in /home/shahkotp/public_html/admin/doctor-online.php:31
Stack trace:
#0 {main}
  thrown @ /home/shahkotp/public_html/admin/doctor-online.php:31
[2026-08-28T12:40:37+05:00] FATAL: Uncaught Error: Call to undefined function page_end() in /home/shahkotp/public_html/admin/doctor-online.php:31
Stack trace:
#0 {main}
  thrown @ /home/shahkotp/public_html/admin/doctor-online.php:31
[2026-08-28T12:40:40+05:00] FATAL: Uncaught Error: Call to undefined function page_end() in /home/shahkotp/public_html/admin/doctor-online.php:31
Stack trace:
#0 {main}
  thrown @ /home/shahkotp/public_html/admin/doctor-online.php:31
[2026-08-28T12:40:43+05:00] FATAL: Uncaught Error: Call to undefined function page_end() in /home/shahkotp/public_html/admin/doctor-online.php:31
Stack trace:
#0 {main}
  thrown @ /home/shahkotp/public_html/admin/doctor-online.php:31
[2026-08-28T12:40:47+05:00] FATAL: Uncaught Error: Call to undefined function page_end() in /home/shahkotp/public_html/admin/doctor-online.php:31
Stack trace:
#0 {main}
  thrown @ /home/shahkotp/public_html/admin/doctor-online.php:31
[2026-08-28T12:40:48+05:00] FATAL: Uncaught Error: Call to undefined function page_end() in /home/shahkotp/public_html/admin/doctor-online.php:31
Stack trace:
#0 {main}
  thrown @ /home/shahkotp/public_html/admin/doctor-online.php:31
[2026-08-28T12:40:49+05:00] FATAL: Uncaught Error: Call to undefined function page_end() in /home/shahkotp/public_html/admin/doctor-online.php:31
Stack trace:
#0 {main}
  thrown @ /home/shahkotp/public_html/admin/doctor-online.php:31
[2026-08-28T12:40:51+05:00] FATAL: Uncaught Error: Call to undefined function page_end() in /home/shahkotp/public_html/admin/doctor-online.php:31
Stack trace:
#0 {main}
  thrown @ /home/shahkotp/public_html/admin/doctor-online.php:31
[2026-08-28T12:41:08+05:00] FATAL: Uncaught Error: Call to undefined function page_end() in /home/shahkotp/public_html/admin/doctor-online.php:31
Stack trace:
#0 {main}
  thrown @ /home/shahkotp/public_html/admin/doctor-online.php:31
[2026-08-28T12:41:09+05:00] FATAL: Uncaught Error: Call to undefined function page_end() in /home/shahkotp/public_html/admin/doctor-online.php:31
Stack trace:
#0 {main}
  thrown @ /home/shahkotp/public_html/admin/doctor-online.php:31
[2026-08-28T14:45:10+05:00] FATAL: Cannot redeclare smtp_read() (previously declared in /home/shahkotp/public_html/app/mailer.php:4) @ /home/shahkotp/public_html/app/mailer.php:4
[2026-08-28T14:45:15+05:00] FATAL: Cannot redeclare smtp_read() (previously declared in /home/shahkotp/public_html/app/mailer.php:4) @ /home/shahkotp/public_html/app/mailer.php:4
[2026-08-28T14:49:03+05:00] FATAL: Uncaught Error: Call to undefined function page_end() in /home/shahkotp/public_html/admin/smart-city.php:24
Stack trace:
#0 {main}
  thrown @ /home/shahkotp/public_html/admin/smart-city.php:24
[2026-08-28T14:49:11+05:00] FATAL: Uncaught Error: Call to undefined function page_end() in /home/shahkotp/public_html/admin/smart-city.php:24
Stack trace:
#0 {main}
  thrown @ /home/shahkotp/public_html/admin/smart-city.php:24
[2026-08-28T14:49:13+05:00] FATAL: Uncaught Error: Call to undefined function page_end() in /home/shahkotp/public_html/admin/smart-city.php:24
Stack trace:
#0 {main}
  thrown @ /home/shahkotp/public_html/admin/smart-city.php:24
[2026-08-28T14:49:14+05:00] FATAL: Uncaught Error: Call to undefined function page_end() in /home/shahkotp/public_html/admin/smart-city.php:24
Stack trace:
#0 {main}
  thrown @ /home/shahkotp/public_html/admin/smart-city.php:24
[2026-08-28T14:49:15+05:00] FATAL: Uncaught Error: Call to undefined function page_end() in /home/shahkotp/public_html/admin/smart-city.php:24
Stack trace:
#0 {main}
  thrown @ /home/shahkotp/public_html/admin/smart-city.php:24
[2026-08-28T14:49:15+05:00] FATAL: Uncaught Error: Call to undefined function page_end() in /home/shahkotp/public_html/admin/smart-city.php:24
Stack trace:
#0 {main}
  thrown @ /home/shahkotp/public_html/admin/smart-city.php:24
[2026-08-28T14:49:16+05:00] FATAL: Uncaught Error: Call to undefined function page_end() in /home/shahkotp/public_html/admin/smart-city.php:24
Stack trace:
#0 {main}
  thrown @ /home/shahkotp/public_html/admin/smart-city.php:24
[2026-08-28T14:49:17+05:00] FATAL: Uncaught Error: Call to undefined function page_end() in /home/shahkotp/public_html/admin/smart-city.php:24
Stack trace:
#0 {main}
  thrown @ /home/shahkotp/public_html/admin/smart-city.php:24
[2026-08-28T14:49:18+05:00] FATAL: Uncaught Error: Call to undefined function page_end() in /home/shahkotp/public_html/admin/smart-city.php:24
Stack trace:
#0 {main}
  thrown @ /home/shahkotp/public_html/admin/smart-city.php:24
[2026-08-28T14:51:13+05:00] FATAL: Uncaught Error: Call to undefined function csrf_field() in /home/shahkotp/public_html/admin/smtp-test.php:167
Stack trace:
#0 {main}
  thrown @ /home/shahkotp/public_html/admin/smtp-test.php:167
[2026-08-28T14:51:52+05:00] FATAL: Uncaught Error: Call to undefined function csrf_field() in /home/shahkotp/public_html/admin/smtp-test.php:167
Stack trace:
#0 {main}
  thrown @ /home/shahkotp/public_html/admin/smtp-test.php:167
[2026-08-28T14:52:17+05:00] FATAL: Uncaught Error: Call to undefined function csrf_field() in /home/shahkotp/public_html/admin/smtp-test.php:167
Stack trace:
#0 {main}
  thrown @ /home/shahkotp/public_html/admin/smtp-test.php:167
[2026-08-28T14:54:50+05:00] FATAL: Uncaught Error: Call to undefined function page_end() in /home/shahkotp/public_html/admin/smart-city.php:24
Stack trace:
#0 {main}
  thrown @ /home/shahkotp/public_html/admin/smart-city.php:24
[2026-08-28T14:54:52+05:00] FATAL: Uncaught Error: Call to undefined function page_end() in /home/shahkotp/public_html/admin/smart-city.php:24
Stack trace:
#0 {main}
  thrown @ /home/shahkotp/public_html/admin/smart-city.php:24
[2026-08-28T14:54:53+05:00] FATAL: Uncaught Error: Call to undefined function page_end() in /home/shahkotp/public_html/admin/smart-city.php:24
Stack trace:
#0 {main}
  thrown @ /home/shahkotp/public_html/admin/smart-city.php:24
[2026-08-28T14:54:54+05:00] FATAL: Uncaught Error: Call to undefined function page_end() in /home/shahkotp/public_html/admin/smart-city.php:24
Stack trace:
#0 {main}
  thrown @ /home/shahkotp/public_html/admin/smart-city.php:24
[2026-08-28T14:54:55+05:00] FATAL: Uncaught Error: Call to undefined function page_end() in /home/shahkotp/public_html/admin/smart-city.php:24
Stack trace:
#0 {main}
  thrown @ /home/shahkotp/public_html/admin/smart-city.php:24
[2026-08-28T14:54:56+05:00] FATAL: Uncaught Error: Call to undefined function page_end() in /home/shahkotp/public_html/admin/smart-city.php:24
Stack trace:
#0 {main}
  thrown @ /home/shahkotp/public_html/admin/smart-city.php:24
[2026-08-28T14:54:57+05:00] FATAL: Uncaught Error: Call to undefined function page_end() in /home/shahkotp/public_html/admin/smart-city.php:24
Stack trace:
#0 {main}
  thrown @ /home/shahkotp/public_html/admin/smart-city.php:24
[2026-08-28T14:54:58+05:00] FATAL: Uncaught Error: Call to undefined function page_end() in /home/shahkotp/public_html/admin/smart-city.php:24
Stack trace:
#0 {main}
  thrown @ /home/shahkotp/public_html/admin/smart-city.php:24
[2026-08-28T14:55:00+05:00] FATAL: Uncaught Error: Call to undefined function page_end() in /home/shahkotp/public_html/admin/smart-city.php:24
Stack trace:
#0 {main}
  thrown @ /home/shahkotp/public_html/admin/smart-city.php:24
[2026-08-28T14:55:11+05:00] FATAL: Uncaught Error: Call to undefined function page_end() in /home/shahkotp/public_html/admin/health-network.php:47
Stack trace:
#0 {main}
  thrown @ /home/shahkotp/public_html/admin/health-network.php:47
[2026-08-28T14:55:16+05:00] FATAL: Uncaught Error: Call to undefined function page_end() in /home/shahkotp/public_html/admin/health-network.php:47
Stack trace:
#0 {main}
  thrown @ /home/shahkotp/public_html/admin/health-network.php:47
[2026-08-28T14:55:24+05:00] FATAL: Uncaught Error: Call to undefined function page_end() in /home/shahkotp/public_html/admin/health-network.php:47
Stack trace:
#0 {main}
  thrown @ /home/shahkotp/public_html/admin/health-network.php:47
[2026-08-28T14:55:25+05:00] FATAL: Uncaught Error: Call to undefined function page_end() in /home/shahkotp/public_html/admin/health-network.php:47
Stack trace:
#0 {main}
  thrown @ /home/shahkotp/public_html/admin/health-network.php:47
[2026-08-28T14:55:26+05:00] FATAL: Uncaught Error: Call to undefined function page_end() in /home/shahkotp/public_html/admin/health-network.php:47
Stack trace:
#0 {main}
  thrown @ /home/shahkotp/public_html/admin/health-network.php:47
[2026-08-28T14:55:28+05:00] FATAL: Uncaught Error: Call to undefined function page_end() in /home/shahkotp/public_html/admin/health-network.php:47
Stack trace:
#0 {main}
  thrown @ /home/shahkotp/public_html/admin/health-network.php:47
[2026-08-28T14:55:29+05:00] FATAL: Uncaught Error: Call to undefined function page_end() in /home/shahkotp/public_html/admin/health-network.php:47
Stack trace:
#0 {main}
  thrown @ /home/shahkotp/public_html/admin/health-network.php:47
[2026-08-28T14:55:30+05:00] FATAL: Uncaught Error: Call to undefined function page_end() in /home/shahkotp/public_html/admin/health-network.php:47
Stack trace:
#0 {main}
  thrown @ /home/shahkotp/public_html/admin/health-network.php:47
[2026-08-28T14:55:31+05:00] FATAL: Uncaught Error: Call to undefined function page_end() in /home/shahkotp/public_html/admin/health-network.php:47
Stack trace:
#0 {main}
  thrown @ /home/shahkotp/public_html/admin/health-network.php:47
[2026-08-28T14:55:32+05:00] FATAL: Uncaught Error: Call to undefined function page_end() in /home/shahkotp/public_html/admin/health-network.php:47
Stack trace:
#0 {main}
  thrown @ /home/shahkotp/public_html/admin/health-network.php:47
[2026-08-28T14:55:33+05:00] FATAL: Uncaught Error: Call to undefined function page_end() in /home/shahkotp/public_html/admin/health-network.php:47
Stack trace:
#0 {main}
  thrown @ /home/shahkotp/public_html/admin/health-network.php:47
[2026-08-28T14:58:33+05:00] FATAL: Uncaught Error: Call to undefined function csrf_field() in /home/shahkotp/public_html/admin/smtp-test.php:184
Stack trace:
#0 {main}
  thrown @ /home/shahkotp/public_html/admin/smtp-test.php:184
[2026-08-28T14:59:50+05:00] FATAL: Cannot redeclare smtp_read() (previously declared in /home/shahkotp/public_html/app/mailer.php:4) @ /home/shahkotp/public_html/app/mailer.php:4
[2026-08-28T15:22:06+05:00] FATAL: Uncaught TypeError: pr560_area(): Argument #2 ($unit) must be of type string, null given, called in /home/shahkotp/public_html/admin/property.php on line 13 and defined in /home/shahkotp/public_html/app/property_v560.php:12
Stack trace:
#0 /home/shahkotp/public_html/admin/property.php(13): pr560_area()
#1 {main}
  thrown @ /home/shahkotp/public_html/app/property_v560.php:12
[2026-08-28T10:33:52+00:00] FATAL: Uncaught TypeError: current_tenant(): Return value must be of type ?array, bool returned in /home/shahkotp/public_html/app/tenancy_v5.php:27
Stack trace:
#0 /home/shahkotp/public_html/app/tenancy_v5.php(37): current_tenant()
#1 /home/shahkotp/public_html/app/settings.php(372): tenant_brand()
#2 /home/shahkotp/public_html/app/bootstrap.php(100): setting()
#3 /home/shahkotp/public_html/index.php(2): require('/home/shahkotp/...')
#4 {main}
  thrown @ /home/shahkotp/public_html/app/tenancy_v5.php:27
[2026-08-28T10:34:32+00:00] FATAL: Uncaught TypeError: current_tenant(): Return value must be of type ?array, bool returned in /home/shahkotp/public_html/app/tenancy_v5.php:27
Stack trace:
#0 /home/shahkotp/public_html/app/tenancy_v5.php(37): current_tenant()
#1 /home/shahkotp/public_html/app/settings.php(372): tenant_brand()
#2 /home/shahkotp/public_html/app/bootstrap.php(100): setting()
#3 /home/shahkotp/public_html/index.php(2): require('/home/shahkotp/...')
#4 {main}
  thrown @ /home/shahkotp/public_html/app/tenancy_v5.php:27
[2026-08-28T10:44:28+00:00] FATAL: Uncaught TypeError: current_tenant(): Return value must be of type ?array, bool returned in /home/shahkotp/public_html/app/tenancy_v5.php:27
Stack trace:
#0 /home/shahkotp/public_html/app/tenancy_v5.php(37): current_tenant()
#1 /home/shahkotp/public_html/app/settings.php(372): tenant_brand()
#2 /home/shahkotp/public_html/app/bootstrap.php(100): setting()
#3 /home/shahkotp/public_html/not-found.php(3): require_once('/home/shahkotp/...')
#4 {main}
  thrown @ /home/shahkotp/public_html/app/tenancy_v5.php:27
[2026-08-28T10:47:09+00:00] FATAL: Uncaught TypeError: current_tenant(): Return value must be of type ?array, bool returned in /home/shahkotp/public_html/app/tenancy_v5.php:27
Stack trace:
#0 /home/shahkotp/public_html/app/tenancy_v5.php(37): current_tenant()
#1 /home/shahkotp/public_html/app/settings.php(372): tenant_brand()
#2 /home/shahkotp/public_html/app/bootstrap.php(100): setting()
#3 /home/shahkotp/public_html/education.php(2): require('/home/shahkotp/...')
#4 {main}
  thrown @ /home/shahkotp/public_html/app/tenancy_v5.php:27
[2026-08-28T10:47:16+00:00] FATAL: Uncaught TypeError: current_tenant(): Return value must be of type ?array, bool returned in /home/shahkotp/public_html/app/tenancy_v5.php:27
Stack trace:
#0 /home/shahkotp/public_html/app/tenancy_v5.php(37): current_tenant()
#1 /home/shahkotp/public_html/app/settings.php(372): tenant_brand()
#2 /home/shahkotp/public_html/app/bootstrap.php(100): setting()
#3 /home/shahkotp/public_html/not-found.php(3): require_once('/home/shahkotp/...')
#4 {main}
  thrown @ /home/shahkotp/public_html/app/tenancy_v5.php:27
[2026-08-28T10:47:26+00:00] FATAL: Uncaught TypeError: current_tenant(): Return value must be of type ?array, bool returned in /home/shahkotp/public_html/app/tenancy_v5.php:27
Stack trace:
#0 /home/shahkotp/public_html/app/tenancy_v5.php(37): current_tenant()
#1 /home/shahkotp/public_html/app/settings.php(372): tenant_brand()
#2 /home/shahkotp/public_html/app/bootstrap.php(100): setting()
#3 /home/shahkotp/public_html/transport.php(2): require('/home/shahkotp/...')
#4 {main}
  thrown @ /home/shahkotp/public_html/app/tenancy_v5.php:27
[2026-08-28T15:50:15+05:00] FATAL: Uncaught Error: Call to undefined function page_end() in /home/shahkotp/public_html/admin/smart-city.php:24
Stack trace:
#0 {main}
  thrown @ /home/shahkotp/public_html/admin/smart-city.php:24
[2026-08-28T10:50:57+00:00] FATAL: Uncaught TypeError: current_tenant(): Return value must be of type ?array, bool returned in /home/shahkotp/public_html/app/tenancy_v5.php:27
Stack trace:
#0 /home/shahkotp/public_html/app/tenancy_v5.php(37): current_tenant()
#1 /home/shahkotp/public_html/app/settings.php(372): tenant_brand()
#2 /home/shahkotp/public_html/app/bootstrap.php(100): setting()
#3 /home/shahkotp/public_html/tenant-manifest.php(2): require('/home/shahkotp/...')
#4 {main}
  thrown @ /home/shahkotp/public_html/app/tenancy_v5.php:27
[2026-08-28T15:51:00+05:00] FATAL: Uncaught Error: Call to undefined function page_end() in /home/shahkotp/public_html/admin/smart-city.php:24
Stack trace:
#0 {main}
  thrown @ /home/shahkotp/public_html/admin/smart-city.php:24
[2026-08-28T10:58:28+00:00] FATAL: Uncaught TypeError: current_tenant(): Return value must be of type ?array, bool returned in /home/shahkotp/public_html/app/tenancy_v5.php:27
Stack trace:
#0 /home/shahkotp/public_html/app/tenancy_v5.php(37): current_tenant()
#1 /home/shahkotp/public_html/app/settings.php(372): tenant_brand()
#2 /home/shahkotp/public_html/app/bootstrap.php(100): setting()
#3 /home/shahkotp/public_html/app.php(2): require('/home/shahkotp/...')
#4 {main}
  thrown @ /home/shahkotp/public_html/app/tenancy_v5.php:27
[2026-08-28T10:58:29+00:00] FATAL: Uncaught TypeError: current_tenant(): Return value must be of type ?array, bool returned in /home/shahkotp/public_html/app/tenancy_v5.php:27
Stack trace:
#0 /home/shahkotp/public_html/app/tenancy_v5.php(37): current_tenant()
#1 /home/shahkotp/public_html/app/settings.php(372): tenant_brand()
#2 /home/shahkotp/public_html/app/bootstrap.php(100): setting()
#3 /home/shahkotp/public_html/app.php(2): require('/home/shahkotp/...')
#4 {main}
  thrown @ /home/shahkotp/public_html/app/tenancy_v5.php:27
[2026-08-28T16:09:02+05:00] FATAL: Uncaught Error: Call to undefined function page_end() in /home/shahkotp/public_html/admin/location-discovery.php:30
Stack trace:
#0 {main}
  thrown @ /home/shahkotp/public_html/admin/location-discovery.php:30
[2026-08-28T16:10:06+05:00] FATAL: Uncaught Error: Call to undefined function page_end() in /home/shahkotp/public_html/admin/location-discovery.php:30
Stack trace:
#0 {main}
  thrown @ /home/shahkotp/public_html/admin/location-discovery.php:30
[2026-08-28T17:40:54+05:00] FATAL: Uncaught Error: Call to undefined function page_end() in /home/shahkotp/public_html/admin/ai.php:96
Stack trace:
#0 {main}
  thrown @ /home/shahkotp/public_html/admin/ai.php:96
[2026-08-28T17:41:02+05:00] FATAL: Uncaught Error: Call to undefined function page_end() in /home/shahkotp/public_html/admin/ai.php:96
Stack trace:
#0 {main}
  thrown @ /home/shahkotp/public_html/admin/ai.php:96
[2026-08-28T17:41:17+05:00] FATAL: Uncaught Error: Call to undefined function page_end() in /home/shahkotp/public_html/admin/ai.php:96
Stack trace:
#0 {main}
  thrown @ /home/shahkotp/public_html/admin/ai.php:96
[2026-08-28T17:41:30+05:00] FATAL: Uncaught Error: Call to undefined function page_end() in /home/shahkotp/public_html/admin/ai.php:96
Stack trace:
#0 {main}
  thrown @ /home/shahkotp/public_html/admin/ai.php:96
[2026-08-28T17:41:35+05:00] FATAL: Uncaught Error: Call to undefined function page_end() in /home/shahkotp/public_html/admin/ai.php:96
Stack trace:
#0 {main}
  thrown @ /home/shahkotp/public_html/admin/ai.php:96
[2026-08-28T17:41:52+05:00] FATAL: Uncaught Error: Call to undefined function page_end() in /home/shahkotp/public_html/admin/ai.php:96
Stack trace:
#0 {main}
  thrown @ /home/shahkotp/public_html/admin/ai.php:96
[2026-08-28T17:41:56+05:00] FATAL: Uncaught Error: Call to undefined function page_end() in /home/shahkotp/public_html/admin/ai.php:96
Stack trace:
#0 {main}
  thrown @ /home/shahkotp/public_html/admin/ai.php:96
[2026-08-28T17:41:58+05:00] FATAL: Uncaught Error: Call to undefined function page_end() in /home/shahkotp/public_html/admin/ai.php:96
Stack trace:
#0 {main}
  thrown @ /home/shahkotp/public_html/admin/ai.php:96
[2026-08-28T17:42:07+05:00] FATAL: Uncaught Error: Call to undefined function page_end() in /home/shahkotp/public_html/admin/ai.php:96
Stack trace:
#0 {main}
  thrown @ /home/shahkotp/public_html/admin/ai.php:96
[2026-08-28T17:42:09+05:00] FATAL: Uncaught Error: Call to undefined function page_end() in /home/shahkotp/public_html/admin/ai.php:96
Stack trace:
#0 {main}
  thrown @ /home/shahkotp/public_html/admin/ai.php:96
[2026-08-28T17:42:41+05:00] FATAL: Uncaught Error: Call to undefined function page_end() in /home/shahkotp/public_html/admin/ai.php:96
Stack trace:
#0 {main}
  thrown @ /home/shahkotp/public_html/admin/ai.php:96
[2026-08-28T18:01:43+05:00] FATAL: Uncaught Error: Call to undefined function page_end() in /home/shahkotp/public_html/admin/enterprise.php:109
Stack trace:
#0 {main}
  thrown @ /home/shahkotp/public_html/admin/enterprise.php:109
[2026-08-28T18:01:51+05:00] FATAL: Uncaught Error: Call to undefined function page_end() in /home/shahkotp/public_html/admin/enterprise.php:109
Stack trace:
#0 {main}
  thrown @ /home/shahkotp/public_html/admin/enterprise.php:109
[2026-08-28T18:02:05+05:00] FATAL: Uncaught Error: Call to undefined function page_end() in /home/shahkotp/public_html/admin/enterprise.php:109
Stack trace:
#0 {main}
  thrown @ /home/shahkotp/public_html/admin/enterprise.php:109
[2026-08-28T18:02:08+05:00] FATAL: Uncaught Error: Call to undefined function page_end() in /home/shahkotp/public_html/admin/enterprise.php:109
Stack trace:
#0 {main}
  thrown @ /home/shahkotp/public_html/admin/enterprise.php:109
[2026-08-28T18:02:18+05:00] FATAL: Uncaught Error: Call to undefined function page_end() in /home/shahkotp/public_html/admin/enterprise.php:109
Stack trace:
#0 {main}
  thrown @ /home/shahkotp/public_html/admin/enterprise.php:109
[2026-08-28T18:02:25+05:00] FATAL: Uncaught Error: Call to undefined function page_end() in /home/shahkotp/public_html/admin/enterprise.php:109
Stack trace:
#0 {main}
  thrown @ /home/shahkotp/public_html/admin/enterprise.php:109
[2026-08-28T18:02:28+05:00] FATAL: Uncaught Error: Call to undefined function page_end() in /home/shahkotp/public_html/admin/enterprise.php:109
Stack trace:
#0 {main}
  thrown @ /home/shahkotp/public_html/admin/enterprise.php:109
[2026-08-28T18:02:34+05:00] FATAL: Uncaught Error: Call to undefined function page_end() in /home/shahkotp/public_html/admin/enterprise.php:109
Stack trace:
#0 {main}
  thrown @ /home/shahkotp/public_html/admin/enterprise.php:109
[2026-08-28T18:04:28+05:00] FATAL: Uncaught Error: Call to undefined function page_end() in /home/shahkotp/public_html/admin/enterprise.php:109
Stack trace:
#0 {main}
  thrown @ /home/shahkotp/public_html/admin/enterprise.php:109
[2026-08-28T18:05:47+05:00] FATAL: Uncaught Error: Call to undefined function page_end() in /home/shahkotp/public_html/admin/enterprise.php:109
Stack trace:
#0 {main}
  thrown @ /home/shahkotp/public_html/admin/enterprise.php:109
[2026-08-28T18:08:10+05:00] FATAL: Uncaught Error: Call to undefined function page_end() in /home/shahkotp/public_html/admin/enterprise.php:109
Stack trace:
#0 {main}
  thrown @ /home/shahkotp/public_html/admin/enterprise.php:109
[2026-08-28T18:09:56+05:00] FATAL: Uncaught Error: Call to undefined function page_end() in /home/shahkotp/public_html/admin/enterprise.php:109
Stack trace:
#0 {main}
  thrown @ /home/shahkotp/public_html/admin/enterprise.php:109
[2026-08-28T18:10:08+05:00] FATAL: Uncaught Error: Call to undefined function page_end() in /home/shahkotp/public_html/admin/enterprise.php:109
Stack trace:
#0 {main}
  thrown @ /home/shahkotp/public_html/admin/enterprise.php:109
[2026-08-28T18:10:11+05:00] FATAL: Uncaught Error: Call to undefined function page_end() in /home/shahkotp/public_html/admin/enterprise.php:109
Stack trace:
#0 {main}
  thrown @ /home/shahkotp/public_html/admin/enterprise.php:109
[2026-08-28T18:10:12+05:00] FATAL: Uncaught Error: Call to undefined function page_end() in /home/shahkotp/public_html/admin/enterprise.php:109
Stack trace:
#0 {main}
  thrown @ /home/shahkotp/public_html/admin/enterprise.php:109
[2026-08-28T18:10:14+05:00] FATAL: Uncaught Error: Call to undefined function page_end() in /home/shahkotp/public_html/admin/enterprise.php:109
Stack trace:
#0 {main}
  thrown @ /home/shahkotp/public_html/admin/enterprise.php:109
[2026-08-28T18:10:15+05:00] FATAL: Uncaught Error: Call to undefined function page_end() in /home/shahkotp/public_html/admin/enterprise.php:109
Stack trace:
#0 {main}
  thrown @ /home/shahkotp/public_html/admin/enterprise.php:109
[2026-08-28T18:11:06+05:00] FATAL: Uncaught Error: Call to undefined function page_end() in /home/shahkotp/public_html/admin/shop.php:33
Stack trace:
#0 {main}
  thrown @ /home/shahkotp/public_html/admin/shop.php:33
[2026-08-28T18:11:28+05:00] FATAL: Uncaught Error: Call to undefined function page_end() in /home/shahkotp/public_html/admin/shop.php:33
Stack trace:
#0 {main}
  thrown @ /home/shahkotp/public_html/admin/shop.php:33
[2026-08-28T18:11:30+05:00] FATAL: Uncaught Error: Call to undefined function page_end() in /home/shahkotp/public_html/admin/shop.php:33
Stack trace:
#0 {main}
  thrown @ /home/shahkotp/public_html/admin/shop.php:33
[2026-08-28T18:11:31+05:00] FATAL: Uncaught Error: Call to undefined function page_end() in /home/shahkotp/public_html/admin/shop.php:33
Stack trace:
#0 {main}
  thrown @ /home/shahkotp/public_html/admin/shop.php:33
[2026-08-28T18:12:08+05:00] FATAL: Uncaught Error: Call to undefined function page_end() in /home/shahkotp/public_html/admin/shop.php:33
Stack trace:
#0 {main}
  thrown @ /home/shahkotp/public_html/admin/shop.php:33
[2026-08-28T18:12:14+05:00] FATAL: Uncaught Error: Call to undefined function page_end() in /home/shahkotp/public_html/admin/shop.php:33
Stack trace:
#0 {main}
  thrown @ /home/shahkotp/public_html/admin/shop.php:33
[2026-08-28T18:12:15+05:00] FATAL: Uncaught Error: Call to undefined function page_end() in /home/shahkotp/public_html/admin/shop.php:33
Stack trace:
#0 {main}
  thrown @ /home/shahkotp/public_html/admin/shop.php:33
[2026-08-28T18:12:17+05:00] FATAL: Uncaught Error: Call to undefined function page_end() in /home/shahkotp/public_html/admin/shop.php:33
Stack trace:
#0 {main}
  thrown @ /home/shahkotp/public_html/admin/shop.php:33
[2026-08-28T18:12:24+05:00] FATAL: Uncaught Error: Call to undefined function page_end() in /home/shahkotp/public_html/admin/shop.php:33
Stack trace:
#0 {main}
  thrown @ /home/shahkotp/public_html/admin/shop.php:33
[2026-08-28T18:12:26+05:00] FATAL: Uncaught Error: Call to undefined function page_end() in /home/shahkotp/public_html/admin/shop.php:33
Stack trace:
#0 {main}
  thrown @ /home/shahkotp/public_html/admin/shop.php:33
[2026-08-28T18:12:27+05:00] FATAL: Uncaught Error: Call to undefined function page_end() in /home/shahkotp/public_html/admin/shop.php:33
Stack trace:
#0 {main}
  thrown @ /home/shahkotp/public_html/admin/shop.php:33
[2026-08-28T18:12:41+05:00] FATAL: Uncaught Error: Call to undefined function page_end() in /home/shahkotp/public_html/admin/shop.php:33
Stack trace:
#0 {main}
  thrown @ /home/shahkotp/public_html/admin/shop.php:33
[2026-08-28T18:12:42+05:00] FATAL: Uncaught Error: Call to undefined function page_end() in /home/shahkotp/public_html/admin/shop.php:33
Stack trace:
#0 {main}
  thrown @ /home/shahkotp/public_html/admin/shop.php:33
[2026-08-28T18:12:43+05:00] FATAL: Uncaught Error: Call to undefined function page_end() in /home/shahkotp/public_html/admin/shop.php:33
Stack trace:
#0 {main}
  thrown @ /home/shahkotp/public_html/admin/shop.php:33
[2026-08-28T18:12:45+05:00] FATAL: Uncaught Error: Call to undefined function page_end() in /home/shahkotp/public_html/admin/shop.php:33
Stack trace:
#0 {main}
  thrown @ /home/shahkotp/public_html/admin/shop.php:33
[2026-08-28T18:12:46+05:00] FATAL: Uncaught Error: Call to undefined function page_end() in /home/shahkotp/public_html/admin/shop.php:33
Stack trace:
#0 {main}
  thrown @ /home/shahkotp/public_html/admin/shop.php:33
[2026-08-28T18:12:48+05:00] FATAL: Uncaught Error: Call to undefined function page_end() in /home/shahkotp/public_html/admin/shop.php:33
Stack trace:
#0 {main}
  thrown @ /home/shahkotp/public_html/admin/shop.php:33
[2026-08-28T18:12:49+05:00] FATAL: Uncaught Error: Call to undefined function page_end() in /home/shahkotp/public_html/admin/shop.php:33
Stack trace:
#0 {main}
  thrown @ /home/shahkotp/public_html/admin/shop.php:33
[2026-08-28T18:12:58+05:00] FATAL: Uncaught Error: Call to undefined function page_end() in /home/shahkotp/public_html/admin/shop.php:33
Stack trace:
#0 {main}
  thrown @ /home/shahkotp/public_html/admin/shop.php:33
[2026-08-28T18:13:06+05:00] FATAL: Uncaught Error: Call to undefined function page_end() in /home/shahkotp/public_html/admin/shop.php:33
Stack trace:
#0 {main}
  thrown @ /home/shahkotp/public_html/admin/shop.php:33
[2026-08-28T18:13:11+05:00] FATAL: Uncaught Error: Call to undefined function page_end() in /home/shahkotp/public_html/admin/shop.php:33
Stack trace:
#0 {main}
  thrown @ /home/shahkotp/public_html/admin/shop.php:33
[2026-08-28T18:13:14+05:00] FATAL: Uncaught Error: Call to undefined function page_end() in /home/shahkotp/public_html/admin/shop.php:33
Stack trace:
#0 {main}
  thrown @ /home/shahkotp/public_html/admin/shop.php:33
[2026-08-28T18:13:15+05:00] FATAL: Uncaught Error: Call to undefined function page_end() in /home/shahkotp/public_html/admin/shop.php:33
Stack trace:
#0 {main}
  thrown @ /home/shahkotp/public_html/admin/shop.php:33
[2026-08-28T18:13:18+05:00] FATAL: Uncaught Error: Call to undefined function page_end() in /home/shahkotp/public_html/admin/shop.php:33
Stack trace:
#0 {main}
  thrown @ /home/shahkotp/public_html/admin/shop.php:33
[2026-08-28T18:13:30+05:00] FATAL: Uncaught Error: Call to undefined function page_end() in /home/shahkotp/public_html/admin/shop.php:33
Stack trace:
#0 {main}
  thrown @ /home/shahkotp/public_html/admin/shop.php:33
[2026-08-28T13:57:33+00:00] FATAL: Uncaught TypeError: Return value of current_tenant() must be of the type array or null, bool returned in /home/shahkotp/public_html/app/tenancy_v5.php:27
Stack trace:
#0 /home/shahkotp/public_html/app/tenancy_v5.php(37): current_tenant()
#1 /home/shahkotp/public_html/app/settings.php(372): tenant_brand('timezone', 'Asia/Karachi')
#2 /home/shahkotp/public_html/app/bootstrap.php(100): setting('timezone', 'Asia/Karachi')
#3 /home/shahkotp/public_html/not-found.php(3): require_once('/home/shahkotp/...')
#4 {main}
  thrown @ /home/shahkotp/public_html/app/tenancy_v5.php:27
[2026-08-28T13:58:57+00:00] FATAL: Uncaught TypeError: Return value of current_tenant() must be of the type array or null, bool returned in /home/shahkotp/public_html/app/tenancy_v5.php:27
Stack trace:
#0 /home/shahkotp/public_html/app/tenancy_v5.php(37): current_tenant()
#1 /home/shahkotp/public_html/app/settings.php(372): tenant_brand('timezone', 'Asia/Karachi')
#2 /home/shahkotp/public_html/app/bootstrap.php(100): setting('timezone', 'Asia/Karachi')
#3 /home/shahkotp/public_html/not-found.php(3): require_once('/home/shahkotp/...')
#4 {main}
  thrown @ /home/shahkotp/public_html/app/tenancy_v5.php:27
[2026-08-28T14:00:20+00:00] FATAL: Uncaught TypeError: Return value of current_tenant() must be of the type array or null, bool returned in /home/shahkotp/public_html/app/tenancy_v5.php:27
Stack trace:
#0 /home/shahkotp/public_html/app/tenancy_v5.php(37): current_tenant()
#1 /home/shahkotp/public_html/app/settings.php(372): tenant_brand('timezone', 'Asia/Karachi')
#2 /home/shahkotp/public_html/app/bootstrap.php(100): setting('timezone', 'Asia/Karachi')
#3 /home/shahkotp/public_html/not-found.php(3): require_once('/home/shahkotp/...')
#4 {main}
  thrown @ /home/shahkotp/public_html/app/tenancy_v5.php:27
[2026-08-28T14:01:44+00:00] FATAL: Uncaught TypeError: Return value of current_tenant() must be of the type array or null, bool returned in /home/shahkotp/public_html/app/tenancy_v5.php:27
Stack trace:
#0 /home/shahkotp/public_html/app/tenancy_v5.php(37): current_tenant()
#1 /home/shahkotp/public_html/app/settings.php(372): tenant_brand('timezone', 'Asia/Karachi')
#2 /home/shahkotp/public_html/app/bootstrap.php(100): setting('timezone', 'Asia/Karachi')
#3 /home/shahkotp/public_html/not-found.php(3): require_once('/home/shahkotp/...')
#4 {main}
  thrown @ /home/shahkotp/public_html/app/tenancy_v5.php:27
[2026-08-28T14:03:08+00:00] FATAL: Uncaught TypeError: Return value of current_tenant() must be of the type array or null, bool returned in /home/shahkotp/public_html/app/tenancy_v5.php:27
Stack trace:
#0 /home/shahkotp/public_html/app/tenancy_v5.php(37): current_tenant()
#1 /home/shahkotp/public_html/app/settings.php(372): tenant_brand('timezone', 'Asia/Karachi')
#2 /home/shahkotp/public_html/app/bootstrap.php(100): setting('timezone', 'Asia/Karachi')
#3 /home/shahkotp/public_html/not-found.php(3): require_once('/home/shahkotp/...')
#4 {main}
  thrown @ /home/shahkotp/public_html/app/tenancy_v5.php:27
[2026-08-28T14:04:31+00:00] FATAL: Uncaught TypeError: Return value of current_tenant() must be of the type array or null, bool returned in /home/shahkotp/public_html/app/tenancy_v5.php:27
Stack trace:
#0 /home/shahkotp/public_html/app/tenancy_v5.php(37): current_tenant()
#1 /home/shahkotp/public_html/app/settings.php(372): tenant_brand('timezone', 'Asia/Karachi')
#2 /home/shahkotp/public_html/app/bootstrap.php(100): setting('timezone', 'Asia/Karachi')
#3 /home/shahkotp/public_html/not-found.php(3): require_once('/home/shahkotp/...')
#4 {main}
  thrown @ /home/shahkotp/public_html/app/tenancy_v5.php:27
[2026-08-28T14:05:55+00:00] FATAL: Uncaught TypeError: Return value of current_tenant() must be of the type array or null, bool returned in /home/shahkotp/public_html/app/tenancy_v5.php:27
Stack trace:
#0 /home/shahkotp/public_html/app/tenancy_v5.php(37): current_tenant()
#1 /home/shahkotp/public_html/app/settings.php(372): tenant_brand('timezone', 'Asia/Karachi')
#2 /home/shahkotp/public_html/app/bootstrap.php(100): setting('timezone', 'Asia/Karachi')
#3 /home/shahkotp/public_html/not-found.php(3): require_once('/home/shahkotp/...')
#4 {main}
  thrown @ /home/shahkotp/public_html/app/tenancy_v5.php:27
[2026-08-28T14:07:24+00:00] FATAL: Uncaught TypeError: Return value of current_tenant() must be of the type array or null, bool returned in /home/shahkotp/public_html/app/tenancy_v5.php:27
Stack trace:
#0 /home/shahkotp/public_html/app/tenancy_v5.php(37): current_tenant()
#1 /home/shahkotp/public_html/app/settings.php(372): tenant_brand('timezone', 'Asia/Karachi')
#2 /home/shahkotp/public_html/app/bootstrap.php(100): setting('timezone', 'Asia/Karachi')
#3 /home/shahkotp/public_html/not-found.php(3): require_once('/home/shahkotp/...')
#4 {main}
  thrown @ /home/shahkotp/public_html/app/tenancy_v5.php:27
[2026-08-28T14:08:44+00:00] FATAL: Uncaught TypeError: Return value of current_tenant() must be of the type array or null, bool returned in /home/shahkotp/public_html/app/tenancy_v5.php:27
Stack trace:
#0 /home/shahkotp/public_html/app/tenancy_v5.php(37): current_tenant()
#1 /home/shahkotp/public_html/app/settings.php(372): tenant_brand('timezone', 'Asia/Karachi')
#2 /home/shahkotp/public_html/app/bootstrap.php(100): setting('timezone', 'Asia/Karachi')
#3 /home/shahkotp/public_html/not-found.php(3): require_once('/home/shahkotp/...')
#4 {main}
  thrown @ /home/shahkotp/public_html/app/tenancy_v5.php:27
[2026-08-28T14:10:06+00:00] FATAL: Uncaught TypeError: Return value of current_tenant() must be of the type array or null, bool returned in /home/shahkotp/public_html/app/tenancy_v5.php:27
Stack trace:
#0 /home/shahkotp/public_html/app/tenancy_v5.php(37): current_tenant()
#1 /home/shahkotp/public_html/app/settings.php(372): tenant_brand('timezone', 'Asia/Karachi')
#2 /home/shahkotp/public_html/app/bootstrap.php(100): setting('timezone', 'Asia/Karachi')
#3 /home/shahkotp/public_html/not-found.php(3): require_once('/home/shahkotp/...')
#4 {main}
  thrown @ /home/shahkotp/public_html/app/tenancy_v5.php:27
[2026-08-28T14:11:30+00:00] FATAL: Uncaught TypeError: Return value of current_tenant() must be of the type array or null, bool returned in /home/shahkotp/public_html/app/tenancy_v5.php:27
Stack trace:
#0 /home/shahkotp/public_html/app/tenancy_v5.php(37): current_tenant()
#1 /home/shahkotp/public_html/app/settings.php(372): tenant_brand('timezone', 'Asia/Karachi')
#2 /home/shahkotp/public_html/app/bootstrap.php(100): setting('timezone', 'Asia/Karachi')
#3 /home/shahkotp/public_html/not-found.php(3): require_once('/home/shahkotp/...')
#4 {main}
  thrown @ /home/shahkotp/public_html/app/tenancy_v5.php:27
[2026-08-28T14:12:53+00:00] FATAL: Uncaught TypeError: Return value of current_tenant() must be of the type array or null, bool returned in /home/shahkotp/public_html/app/tenancy_v5.php:27
Stack trace:
#0 /home/shahkotp/public_html/app/tenancy_v5.php(37): current_tenant()
#1 /home/shahkotp/public_html/app/settings.php(372): tenant_brand('timezone', 'Asia/Karachi')
#2 /home/shahkotp/public_html/app/bootstrap.php(100): setting('timezone', 'Asia/Karachi')
#3 /home/shahkotp/public_html/not-found.php(3): require_once('/home/shahkotp/...')
#4 {main}
  thrown @ /home/shahkotp/public_html/app/tenancy_v5.php:27
[2026-08-28T14:12:58+00:00] FATAL: Uncaught TypeError: Return value of current_tenant() must be of the type array or null, bool returned in /home/shahkotp/public_html/app/tenancy_v5.php:27
Stack trace:
#0 /home/shahkotp/public_html/app/tenancy_v5.php(37): current_tenant()
#1 /home/shahkotp/public_html/app/settings.php(372): tenant_brand('timezone', 'Asia/Karachi')
#2 /home/shahkotp/public_html/app/bootstrap.php(100): setting('timezone', 'Asia/Karachi')
#3 /home/shahkotp/public_html/index.php(2): require('/home/shahkotp/...')
#4 {main}
  thrown @ /home/shahkotp/public_html/app/tenancy_v5.php:27
[2026-08-28T14:14:55+00:00] FATAL: Uncaught TypeError: Return value of current_tenant() must be of the type array or null, bool returned in /home/shahkotp/public_html/app/tenancy_v5.php:27
Stack trace:
#0 /home/shahkotp/public_html/app/tenancy_v5.php(37): current_tenant()
#1 /home/shahkotp/public_html/app/settings.php(372): tenant_brand('timezone', 'Asia/Karachi')
#2 /home/shahkotp/public_html/app/bootstrap.php(100): setting('timezone', 'Asia/Karachi')
#3 /home/shahkotp/public_html/not-found.php(3): require_once('/home/shahkotp/...')
#4 {main}
  thrown @ /home/shahkotp/public_html/app/tenancy_v5.php:27
[2026-08-28T14:15:48+00:00] FATAL: Uncaught TypeError: Return value of current_tenant() must be of the type array or null, bool returned in /home/shahkotp/public_html/app/tenancy_v5.php:27
Stack trace:
#0 /home/shahkotp/public_html/app/tenancy_v5.php(37): current_tenant()
#1 /home/shahkotp/public_html/app/settings.php(372): tenant_brand('timezone', 'Asia/Karachi')
#2 /home/shahkotp/public_html/app/bootstrap.php(100): setting('timezone', 'Asia/Karachi')
#3 /home/shahkotp/public_html/not-found.php(3): require_once('/home/shahkotp/...')
#4 {main}
  thrown @ /home/shahkotp/public_html/app/tenancy_v5.php:27
[2026-08-28T14:16:34+00:00] FATAL: Uncaught TypeError: Return value of current_tenant() must be of the type array or null, bool returned in /home/shahkotp/public_html/app/tenancy_v5.php:27
Stack trace:
#0 /home/shahkotp/public_html/app/tenancy_v5.php(37): current_tenant()
#1 /home/shahkotp/public_html/app/settings.php(372): tenant_brand('timezone', 'Asia/Karachi')
#2 /home/shahkotp/public_html/app/bootstrap.php(100): setting('timezone', 'Asia/Karachi')
#3 /home/shahkotp/public_html/index.php(2): require('/home/shahkotp/...')
#4 {main}
  thrown @ /home/shahkotp/public_html/app/tenancy_v5.php:27
[2026-08-28T14:17:10+00:00] FATAL: Uncaught TypeError: Return value of current_tenant() must be of the type array or null, bool returned in /home/shahkotp/public_html/app/tenancy_v5.php:27
Stack trace:
#0 /home/shahkotp/public_html/app/tenancy_v5.php(37): current_tenant()
#1 /home/shahkotp/public_html/app/settings.php(372): tenant_brand('timezone', 'Asia/Karachi')
#2 /home/shahkotp/public_html/app/bootstrap.php(100): setting('timezone', 'Asia/Karachi')
#3 /home/shahkotp/public_html/not-found.php(3): require_once('/home/shahkotp/...')
#4 {main}
  thrown @ /home/shahkotp/public_html/app/tenancy_v5.php:27
[2026-08-28T14:18:29+00:00] FATAL: Uncaught TypeError: Return value of current_tenant() must be of the type array or null, bool returned in /home/shahkotp/public_html/app/tenancy_v5.php:27
Stack trace:
#0 /home/shahkotp/public_html/app/tenancy_v5.php(37): current_tenant()
#1 /home/shahkotp/public_html/app/settings.php(372): tenant_brand('timezone', 'Asia/Karachi')
#2 /home/shahkotp/public_html/app/bootstrap.php(100): setting('timezone', 'Asia/Karachi')
#3 /home/shahkotp/public_html/not-found.php(3): require_once('/home/shahkotp/...')
#4 {main}
  thrown @ /home/shahkotp/public_html/app/tenancy_v5.php:27
[2026-08-28T14:19:26+00:00] FATAL: Uncaught TypeError: Return value of current_tenant() must be of the type array or null, bool returned in /home/shahkotp/public_html/app/tenancy_v5.php:27
Stack trace:
#0 /home/shahkotp/public_html/app/tenancy_v5.php(37): current_tenant()
#1 /home/shahkotp/public_html/app/settings.php(372): tenant_brand('timezone', 'Asia/Karachi')
#2 /home/shahkotp/public_html/app/bootstrap.php(100): setting('timezone', 'Asia/Karachi')
#3 /home/shahkotp/public_html/index.php(2): require('/home/shahkotp/...')
#4 {main}
  thrown @ /home/shahkotp/public_html/app/tenancy_v5.php:27
[2026-08-28T14:19:53+00:00] FATAL: Uncaught TypeError: Return value of current_tenant() must be of the type array or null, bool returned in /home/shahkotp/public_html/app/tenancy_v5.php:27
Stack trace:
#0 /home/shahkotp/public_html/app/tenancy_v5.php(37): current_tenant()
#1 /home/shahkotp/public_html/app/settings.php(372): tenant_brand('timezone', 'Asia/Karachi')
#2 /home/shahkotp/public_html/app/bootstrap.php(100): setting('timezone', 'Asia/Karachi')
#3 /home/shahkotp/public_html/not-found.php(3): require_once('/home/shahkotp/...')
#4 {main}
  thrown @ /home/shahkotp/public_html/app/tenancy_v5.php:27
[2026-08-28T14:21:16+00:00] FATAL: Uncaught TypeError: Return value of current_tenant() must be of the type array or null, bool returned in /home/shahkotp/public_html/app/tenancy_v5.php:27
Stack trace:
#0 /home/shahkotp/public_html/app/tenancy_v5.php(37): current_tenant()
#1 /home/shahkotp/public_html/app/settings.php(372): tenant_brand('timezone', 'Asia/Karachi')
#2 /home/shahkotp/public_html/app/bootstrap.php(100): setting('timezone', 'Asia/Karachi')
#3 /home/shahkotp/public_html/not-found.php(3): require_once('/home/shahkotp/...')
#4 {main}
  thrown @ /home/shahkotp/public_html/app/tenancy_v5.php:27
[2026-08-28T14:22:40+00:00] FATAL: Uncaught TypeError: Return value of current_tenant() must be of the type array or null, bool returned in /home/shahkotp/public_html/app/tenancy_v5.php:27
Stack trace:
#0 /home/shahkotp/public_html/app/tenancy_v5.php(37): current_tenant()
#1 /home/shahkotp/public_html/app/settings.php(372): tenant_brand('timezone', 'Asia/Karachi')
#2 /home/shahkotp/public_html/app/bootstrap.php(100): setting('timezone', 'Asia/Karachi')
#3 /home/shahkotp/public_html/not-found.php(3): require_once('/home/shahkotp/...')
#4 {main}
  thrown @ /home/shahkotp/public_html/app/tenancy_v5.php:27
[2026-08-28T14:24:04+00:00] FATAL: Uncaught TypeError: Return value of current_tenant() must be of the type array or null, bool returned in /home/shahkotp/public_html/app/tenancy_v5.php:27
Stack trace:
#0 /home/shahkotp/public_html/app/tenancy_v5.php(37): current_tenant()
#1 /home/shahkotp/public_html/app/settings.php(372): tenant_brand('timezone', 'Asia/Karachi')
#2 /home/shahkotp/public_html/app/bootstrap.php(100): setting('timezone', 'Asia/Karachi')
#3 /home/shahkotp/public_html/not-found.php(3): require_once('/home/shahkotp/...')
#4 {main}
  thrown @ /home/shahkotp/public_html/app/tenancy_v5.php:27
[2026-08-28T14:25:27+00:00] FATAL: Uncaught TypeError: Return value of current_tenant() must be of the type array or null, bool returned in /home/shahkotp/public_html/app/tenancy_v5.php:27
Stack trace:
#0 /home/shahkotp/public_html/app/tenancy_v5.php(37): current_tenant()
#1 /home/shahkotp/public_html/app/settings.php(372): tenant_brand('timezone', 'Asia/Karachi')
#2 /home/shahkotp/public_html/app/bootstrap.php(100): setting('timezone', 'Asia/Karachi')
#3 /home/shahkotp/public_html/not-found.php(3): require_once('/home/shahkotp/...')
#4 {main}
  thrown @ /home/shahkotp/public_html/app/tenancy_v5.php:27
[2026-08-28T14:26:08+00:00] FATAL: Uncaught TypeError: Return value of current_tenant() must be of the type array or null, bool returned in /home/shahkotp/public_html/app/tenancy_v5.php:27
Stack trace:
#0 /home/shahkotp/public_html/app/tenancy_v5.php(37): current_tenant()
#1 /home/shahkotp/public_html/app/settings.php(372): tenant_brand('timezone', 'Asia/Karachi')
#2 /home/shahkotp/public_html/app/bootstrap.php(100): setting('timezone', 'Asia/Karachi')
#3 /home/shahkotp/public_html/index.php(2): require('/home/shahkotp/...')
#4 {main}
  thrown @ /home/shahkotp/public_html/app/tenancy_v5.php:27
[2026-08-28T14:26:25+00:00] FATAL: Uncaught TypeError: Return value of current_tenant() must be of the type array or null, bool returned in /home/shahkotp/public_html/app/tenancy_v5.php:27
Stack trace:
#0 /home/shahkotp/public_html/app/tenancy_v5.php(37): current_tenant()
#1 /home/shahkotp/public_html/app/settings.php(372): tenant_brand('timezone', 'Asia/Karachi')
#2 /home/shahkotp/public_html/app/bootstrap.php(100): setting('timezone', 'Asia/Karachi')
#3 /home/shahkotp/public_html/index.php(2): require('/home/shahkotp/...')
#4 {main}
  thrown @ /home/shahkotp/public_html/app/tenancy_v5.php:27
[2026-08-28T14:26:34+00:00] FATAL: Uncaught TypeError: Return value of current_tenant() must be of the type array or null, bool returned in /home/shahkotp/public_html/app/tenancy_v5.php:27
Stack trace:
#0 /home/shahkotp/public_html/app/tenancy_v5.php(37): current_tenant()
#1 /home/shahkotp/public_html/app/settings.php(372): tenant_brand('timezone', 'Asia/Karachi')
#2 /home/shahkotp/public_html/app/bootstrap.php(100): setting('timezone', 'Asia/Karachi')
#3 /home/shahkotp/public_html/index.php(2): require('/home/shahkotp/...')
#4 {main}
  thrown @ /home/shahkotp/public_html/app/tenancy_v5.php:27
[2026-08-28T14:26:51+00:00] FATAL: Uncaught TypeError: Return value of current_tenant() must be of the type array or null, bool returned in /home/shahkotp/public_html/app/tenancy_v5.php:27
Stack trace:
#0 /home/shahkotp/public_html/app/tenancy_v5.php(37): current_tenant()
#1 /home/shahkotp/public_html/app/settings.php(372): tenant_brand('timezone', 'Asia/Karachi')
#2 /home/shahkotp/public_html/app/bootstrap.php(100): setting('timezone', 'Asia/Karachi')
#3 /home/shahkotp/public_html/not-found.php(3): require_once('/home/shahkotp/...')
#4 {main}
  thrown @ /home/shahkotp/public_html/app/tenancy_v5.php:27
[2026-08-28T14:28:14+00:00] FATAL: Uncaught TypeError: Return value of current_tenant() must be of the type array or null, bool returned in /home/shahkotp/public_html/app/tenancy_v5.php:27
Stack trace:
#0 /home/shahkotp/public_html/app/tenancy_v5.php(37): current_tenant()
#1 /home/shahkotp/public_html/app/settings.php(372): tenant_brand('timezone', 'Asia/Karachi')
#2 /home/shahkotp/public_html/app/bootstrap.php(100): setting('timezone', 'Asia/Karachi')
#3 /home/shahkotp/public_html/not-found.php(3): require_once('/home/shahkotp/...')
#4 {main}
  thrown @ /home/shahkotp/public_html/app/tenancy_v5.php:27
[2026-08-28T14:28:15+00:00] FATAL: Uncaught TypeError: Return value of current_tenant() must be of the type array or null, bool returned in /home/shahkotp/public_html/app/tenancy_v5.php:27
Stack trace:
#0 /home/shahkotp/public_html/app/tenancy_v5.php(37): current_tenant()
#1 /home/shahkotp/public_html/app/settings.php(372): tenant_brand('timezone', 'Asia/Karachi')
#2 /home/shahkotp/public_html/app/bootstrap.php(100): setting('timezone', 'Asia/Karachi')
#3 /home/shahkotp/public_html/signup.php(2): require('/home/shahkotp/...')
#4 {main}
  thrown @ /home/shahkotp/public_html/app/tenancy_v5.php:27
[2026-08-28T14:28:16+00:00] FATAL: Uncaught TypeError: Return value of current_tenant() must be of the type array or null, bool returned in /home/shahkotp/public_html/app/tenancy_v5.php:27
Stack trace:
#0 /home/shahkotp/public_html/app/tenancy_v5.php(37): current_tenant()
#1 /home/shahkotp/public_html/app/settings.php(372): tenant_brand('timezone', 'Asia/Karachi')
#2 /home/shahkotp/public_html/app/bootstrap.php(100): setting('timezone', 'Asia/Karachi')
#3 /home/shahkotp/public_html/not-found.php(3): require_once('/home/shahkotp/...')
#4 {main}
  thrown @ /home/shahkotp/public_html/app/tenancy_v5.php:27
[2026-08-28T14:28:16+00:00] FATAL: Uncaught TypeError: Return value of current_tenant() must be of the type array or null, bool returned in /home/shahkotp/public_html/app/tenancy_v5.php:27
Stack trace:
#0 /home/shahkotp/public_html/app/tenancy_v5.php(37): current_tenant()
#1 /home/shahkotp/public_html/app/settings.php(372): tenant_brand('timezone', 'Asia/Karachi')
#2 /home/shahkotp/public_html/app/bootstrap.php(100): setting('timezone', 'Asia/Karachi')
#3 /home/shahkotp/public_html/not-found.php(3): require_once('/home/shahkotp/...')
#4 {main}
  thrown @ /home/shahkotp/public_html/app/tenancy_v5.php:27
[2026-08-28T14:28:16+00:00] FATAL: Uncaught TypeError: Return value of current_tenant() must be of the type array or null, bool returned in /home/shahkotp/public_html/app/tenancy_v5.php:27
Stack trace:
#0 /home/shahkotp/public_html/app/tenancy_v5.php(37): current_tenant()
#1 /home/shahkotp/public_html/app/settings.php(372): tenant_brand('timezone', 'Asia/Karachi')
#2 /home/shahkotp/public_html/app/bootstrap.php(100): setting('timezone', 'Asia/Karachi')
#3 /home/shahkotp/public_html/signup.php(2): require('/home/shahkotp/...')
#4 {main}
  thrown @ /home/shahkotp/public_html/app/tenancy_v5.php:27
[2026-08-28T14:28:16+00:00] FATAL: Uncaught TypeError: Return value of current_tenant() must be of the type array or null, bool returned in /home/shahkotp/public_html/app/tenancy_v5.php:27
Stack trace:
#0 /home/shahkotp/public_html/app/tenancy_v5.php(37): current_tenant()
#1 /home/shahkotp/public_html/app/settings.php(372): tenant_brand('timezone', 'Asia/Karachi')
#2 /home/shahkotp/public_html/app/bootstrap.php(100): setting('timezone', 'Asia/Karachi')
#3 /home/shahkotp/public_html/not-found.php(3): require_once('/home/shahkotp/...')
#4 {main}
  thrown @ /home/shahkotp/public_html/app/tenancy_v5.php:27
[2026-08-28T14:28:35+00:00] FATAL: Uncaught TypeError: Return value of current_tenant() must be of the type array or null, bool returned in /home/shahkotp/public_html/app/tenancy_v5.php:27
Stack trace:
#0 /home/shahkotp/public_html/app/tenancy_v5.php(37): current_tenant()
#1 /home/shahkotp/public_html/app/settings.php(372): tenant_brand('timezone', 'Asia/Karachi')
#2 /home/shahkotp/public_html/app/bootstrap.php(100): setting('timezone', 'Asia/Karachi')
#3 /home/shahkotp/public_html/index.php(2): require('/home/shahkotp/...')
#4 {main}
  thrown @ /home/shahkotp/public_html/app/tenancy_v5.php:27
[2026-08-28T14:28:35+00:00] FATAL: Uncaught TypeError: Return value of current_tenant() must be of the type array or null, bool returned in /home/shahkotp/public_html/app/tenancy_v5.php:27
Stack trace:
#0 /home/shahkotp/public_html/app/tenancy_v5.php(37): current_tenant()
#1 /home/shahkotp/public_html/app/settings.php(372): tenant_brand('timezone', 'Asia/Karachi')
#2 /home/shahkotp/public_html/app/bootstrap.php(100): setting('timezone', 'Asia/Karachi')
#3 /home/shahkotp/public_html/not-found.php(3): require_once('/home/shahkotp/...')
#4 {main}
  thrown @ /home/shahkotp/public_html/app/tenancy_v5.php:27
[2026-08-28T14:29:37+00:00] FATAL: Uncaught TypeError: Return value of current_tenant() must be of the type array or null, bool returned in /home/shahkotp/public_html/app/tenancy_v5.php:27
Stack trace:
#0 /home/shahkotp/public_html/app/tenancy_v5.php(37): current_tenant()
#1 /home/shahkotp/public_html/app/settings.php(372): tenant_brand('timezone', 'Asia/Karachi')
#2 /home/shahkotp/public_html/app/bootstrap.php(100): setting('timezone', 'Asia/Karachi')
#3 /home/shahkotp/public_html/not-found.php(3): require_once('/home/shahkotp/...')
#4 {main}
  thrown @ /home/shahkotp/public_html/app/tenancy_v5.php:27
[2026-08-28T14:30:31+00:00] FATAL: Uncaught TypeError: Return value of current_tenant() must be of the type array or null, bool returned in /home/shahkotp/public_html/app/tenancy_v5.php:27
Stack trace:
#0 /home/shahkotp/public_html/app/tenancy_v5.php(37): current_tenant()
#1 /home/shahkotp/public_html/app/settings.php(372): tenant_brand('timezone', 'Asia/Karachi')
#2 /home/shahkotp/public_html/app/bootstrap.php(100): setting('timezone', 'Asia/Karachi')
#3 /home/shahkotp/public_html/index.php(2): require('/home/shahkotp/...')
#4 {main}
  thrown @ /home/shahkotp/public_html/app/tenancy_v5.php:27
[2026-08-28T14:30:35+00:00] FATAL: Uncaught TypeError: Return value of current_tenant() must be of the type array or null, bool returned in /home/shahkotp/public_html/app/tenancy_v5.php:27
Stack trace:
#0 /home/shahkotp/public_html/app/tenancy_v5.php(37): current_tenant()
#1 /home/shahkotp/public_html/app/settings.php(372): tenant_brand('timezone', 'Asia/Karachi')
#2 /home/shahkotp/public_html/app/bootstrap.php(100): setting('timezone', 'Asia/Karachi')
#3 /home/shahkotp/public_html/index.php(2): require('/home/shahkotp/...')
#4 {main}
  thrown @ /home/shahkotp/public_html/app/tenancy_v5.php:27
[2026-08-28T14:30:35+00:00] FATAL: Uncaught TypeError: Return value of current_tenant() must be of the type array or null, bool returned in /home/shahkotp/public_html/app/tenancy_v5.php:27
Stack trace:
#0 /home/shahkotp/public_html/app/tenancy_v5.php(37): current_tenant()
#1 /home/shahkotp/public_html/app/settings.php(372): tenant_brand('timezone', 'Asia/Karachi')
#2 /home/shahkotp/public_html/app/bootstrap.php(100): setting('timezone', 'Asia/Karachi')
#3 /home/shahkotp/public_html/index.php(2): require('/home/shahkotp/...')
#4 {main}
  thrown @ /home/shahkotp/public_html/app/tenancy_v5.php:27
[2026-08-28T14:30:58+00:00] FATAL: Uncaught TypeError: Return value of current_tenant() must be of the type array or null, bool returned in /home/shahkotp/public_html/app/tenancy_v5.php:27
Stack trace:
#0 /home/shahkotp/public_html/app/tenancy_v5.php(37): current_tenant()
#1 /home/shahkotp/public_html/app/settings.php(372): tenant_brand('timezone', 'Asia/Karachi')
#2 /home/shahkotp/public_html/app/bootstrap.php(100): setting('timezone', 'Asia/Karachi')
#3 /home/shahkotp/public_html/not-found.php(3): require_once('/home/shahkotp/...')
#4 {main}
  thrown @ /home/shahkotp/public_html/app/tenancy_v5.php:27
[2026-08-28T14:31:01+00:00] FATAL: Uncaught TypeError: Return value of current_tenant() must be of the type array or null, bool returned in /home/shahkotp/public_html/app/tenancy_v5.php:27
Stack trace:
#0 /home/shahkotp/public_html/app/tenancy_v5.php(37): current_tenant()
#1 /home/shahkotp/public_html/app/settings.php(372): tenant_brand('timezone', 'Asia/Karachi')
#2 /home/shahkotp/public_html/app/bootstrap.php(100): setting('timezone', 'Asia/Karachi')
#3 /home/shahkotp/public_html/not-found.php(3): require_once('/home/shahkotp/...')
#4 {main}
  thrown @ /home/shahkotp/public_html/app/tenancy_v5.php:27
[2026-08-28T14:32:25+00:00] FATAL: Uncaught TypeError: Return value of current_tenant() must be of the type array or null, bool returned in /home/shahkotp/public_html/app/tenancy_v5.php:27
Stack trace:
#0 /home/shahkotp/public_html/app/tenancy_v5.php(37): current_tenant()
#1 /home/shahkotp/public_html/app/settings.php(372): tenant_brand('timezone', 'Asia/Karachi')
#2 /home/shahkotp/public_html/app/bootstrap.php(100): setting('timezone', 'Asia/Karachi')
#3 /home/shahkotp/public_html/not-found.php(3): require_once('/home/shahkotp/...')
#4 {main}
  thrown @ /home/shahkotp/public_html/app/tenancy_v5.php:27
[2026-08-28T14:32:38+00:00] FATAL: Uncaught TypeError: Return value of current_tenant() must be of the type array or null, bool returned in /home/shahkotp/public_html/app/tenancy_v5.php:27
Stack trace:
#0 /home/shahkotp/public_html/app/tenancy_v5.php(37): current_tenant()
#1 /home/shahkotp/public_html/app/settings.php(372): tenant_brand('timezone', 'Asia/Karachi')
#2 /home/shahkotp/public_html/app/bootstrap.php(100): setting('timezone', 'Asia/Karachi')
#3 /home/shahkotp/public_html/admin/index.php(2): require('/home/shahkotp/...')
#4 {main}
  thrown @ /home/shahkotp/public_html/app/tenancy_v5.php:27
[2026-08-28T14:33:49+00:00] FATAL: Uncaught TypeError: Return value of current_tenant() must be of the type array or null, bool returned in /home/shahkotp/public_html/app/tenancy_v5.php:27
Stack trace:
#0 /home/shahkotp/public_html/app/tenancy_v5.php(37): current_tenant()
#1 /home/shahkotp/public_html/app/settings.php(372): tenant_brand('timezone', 'Asia/Karachi')
#2 /home/shahkotp/public_html/app/bootstrap.php(100): setting('timezone', 'Asia/Karachi')
#3 /home/shahkotp/public_html/not-found.php(3): require_once('/home/shahkotp/...')
#4 {main}
  thrown @ /home/shahkotp/public_html/app/tenancy_v5.php:27
[2026-08-28T14:35:12+00:00] FATAL: Uncaught TypeError: Return value of current_tenant() must be of the type array or null, bool returned in /home/shahkotp/public_html/app/tenancy_v5.php:27
Stack trace:
#0 /home/shahkotp/public_html/app/tenancy_v5.php(37): current_tenant()
#1 /home/shahkotp/public_html/app/settings.php(372): tenant_brand('timezone', 'Asia/Karachi')
#2 /home/shahkotp/public_html/app/bootstrap.php(100): setting('timezone', 'Asia/Karachi')
#3 /home/shahkotp/public_html/not-found.php(3): require_once('/home/shahkotp/...')
#4 {main}
  thrown @ /home/shahkotp/public_html/app/tenancy_v5.php:27
[2026-08-28T14:36:23+00:00] FATAL: Uncaught TypeError: Return value of current_tenant() must be of the type array or null, bool returned in /home/shahkotp/public_html/app/tenancy_v5.php:27
Stack trace:
#0 /home/shahkotp/public_html/app/tenancy_v5.php(37): current_tenant()
#1 /home/shahkotp/public_html/app/settings.php(372): tenant_brand('timezone', 'Asia/Karachi')
#2 /home/shahkotp/public_html/app/bootstrap.php(100): setting('timezone', 'Asia/Karachi')
#3 /home/shahkotp/public_html/not-found.php(3): require_once('/home/shahkotp/...')
#4 {main}
  thrown @ /home/shahkotp/public_html/app/tenancy_v5.php:27
[2026-08-28T14:36:26+00:00] FATAL: Uncaught TypeError: Return value of current_tenant() must be of the type array or null, bool returned in /home/shahkotp/public_html/app/tenancy_v5.php:27
Stack trace:
#0 /home/shahkotp/public_html/app/tenancy_v5.php(37): current_tenant()
#1 /home/shahkotp/public_html/app/settings.php(372): tenant_brand('timezone', 'Asia/Karachi')
#2 /home/shahkotp/public_html/app/bootstrap.php(100): setting('timezone', 'Asia/Karachi')
#3 /home/shahkotp/public_html/index.php(2): require('/home/shahkotp/...')
#4 {main}
  thrown @ /home/shahkotp/public_html/app/tenancy_v5.php:27
[2026-08-28T14:36:27+00:00] FATAL: Uncaught TypeError: Return value of current_tenant() must be of the type array or null, bool returned in /home/shahkotp/public_html/app/tenancy_v5.php:27
Stack trace:
#0 /home/shahkotp/public_html/app/tenancy_v5.php(37): current_tenant()
#1 /home/shahkotp/public_html/app/settings.php(372): tenant_brand('timezone', 'Asia/Karachi')
#2 /home/shahkotp/public_html/app/bootstrap.php(100): setting('timezone', 'Asia/Karachi')
#3 /home/shahkotp/public_html/index.php(2): require('/home/shahkotp/...')
#4 {main}
  thrown @ /home/shahkotp/public_html/app/tenancy_v5.php:27
[2026-08-28T14:36:38+00:00] FATAL: Uncaught TypeError: Return value of current_tenant() must be of the type array or null, bool returned in /home/shahkotp/public_html/app/tenancy_v5.php:27
Stack trace:
#0 /home/shahkotp/public_html/app/tenancy_v5.php(37): current_tenant()
#1 /home/shahkotp/public_html/app/settings.php(372): tenant_brand('timezone', 'Asia/Karachi')
#2 /home/shahkotp/public_html/app/bootstrap.php(100): setting('timezone', 'Asia/Karachi')
#3 /home/shahkotp/public_html/not-found.php(3): require_once('/home/shahkotp/...')
#4 {main}
  thrown @ /home/shahkotp/public_html/app/tenancy_v5.php:27
[2026-08-28T14:36:39+00:00] FATAL: Uncaught TypeError: Return value of current_tenant() must be of the type array or null, bool returned in /home/shahkotp/public_html/app/tenancy_v5.php:27
Stack trace:
#0 /home/shahkotp/public_html/app/tenancy_v5.php(37): current_tenant()
#1 /home/shahkotp/public_html/app/settings.php(372): tenant_brand('timezone', 'Asia/Karachi')
#2 /home/shahkotp/public_html/app/bootstrap.php(100): setting('timezone', 'Asia/Karachi')
#3 /home/shahkotp/public_html/not-found.php(3): require_once('/home/shahkotp/...')
#4 {main}
  thrown @ /home/shahkotp/public_html/app/tenancy_v5.php:27
[2026-08-28T14:36:42+00:00] FATAL: Uncaught TypeError: Return value of current_tenant() must be of the type array or null, bool returned in /home/shahkotp/public_html/app/tenancy_v5.php:27
Stack trace:
#0 /home/shahkotp/public_html/app/tenancy_v5.php(37): current_tenant()
#1 /home/shahkotp/public_html/app/settings.php(372): tenant_brand('timezone', 'Asia/Karachi')
#2 /home/shahkotp/public_html/app/bootstrap.php(100): setting('timezone', 'Asia/Karachi')
#3 /home/shahkotp/public_html/index.php(2): require('/home/shahkotp/...')
#4 {main}
  thrown @ /home/shahkotp/public_html/app/tenancy_v5.php:27
[2026-08-28T14:38:01+00:00] FATAL: Uncaught TypeError: Return value of current_tenant() must be of the type array or null, bool returned in /home/shahkotp/public_html/app/tenancy_v5.php:27
Stack trace:
#0 /home/shahkotp/public_html/app/tenancy_v5.php(37): current_tenant()
#1 /home/shahkotp/public_html/app/settings.php(372): tenant_brand('timezone', 'Asia/Karachi')
#2 /home/shahkotp/public_html/app/bootstrap.php(100): setting('timezone', 'Asia/Karachi')
#3 /home/shahkotp/public_html/not-found.php(3): require_once('/home/shahkotp/...')
#4 {main}
  thrown @ /home/shahkotp/public_html/app/tenancy_v5.php:27
[2026-08-28T14:39:25+00:00] FATAL: Uncaught TypeError: Return value of current_tenant() must be of the type array or null, bool returned in /home/shahkotp/public_html/app/tenancy_v5.php:27
Stack trace:
#0 /home/shahkotp/public_html/app/tenancy_v5.php(37): current_tenant()
#1 /home/shahkotp/public_html/app/settings.php(372): tenant_brand('timezone', 'Asia/Karachi')
#2 /home/shahkotp/public_html/app/bootstrap.php(100): setting('timezone', 'Asia/Karachi')
#3 /home/shahkotp/public_html/not-found.php(3): require_once('/home/shahkotp/...')
#4 {main}
  thrown @ /home/shahkotp/public_html/app/tenancy_v5.php:27
[2026-08-28T14:40:48+00:00] FATAL: Uncaught TypeError: Return value of current_tenant() must be of the type array or null, bool returned in /home/shahkotp/public_html/app/tenancy_v5.php:27
Stack trace:
#0 /home/shahkotp/public_html/app/tenancy_v5.php(37): current_tenant()
#1 /home/shahkotp/public_html/app/settings.php(372): tenant_brand('timezone', 'Asia/Karachi')
#2 /home/shahkotp/public_html/app/bootstrap.php(100): setting('timezone', 'Asia/Karachi')
#3 /home/shahkotp/public_html/not-found.php(3): require_once('/home/shahkotp/...')
#4 {main}
  thrown @ /home/shahkotp/public_html/app/tenancy_v5.php:27
[2026-08-28T14:41:30+00:00] FATAL: Uncaught TypeError: Return value of current_tenant() must be of the type array or null, bool returned in /home/shahkotp/public_html/app/tenancy_v5.php:27
Stack trace:
#0 /home/shahkotp/public_html/app/tenancy_v5.php(37): current_tenant()
#1 /home/shahkotp/public_html/app/settings.php(372): tenant_brand('timezone', 'Asia/Karachi')
#2 /home/shahkotp/public_html/app/bootstrap.php(100): setting('timezone', 'Asia/Karachi')
#3 /home/shahkotp/public_html/not-found.php(3): require_once('/home/shahkotp/...')
#4 {main}
  thrown @ /home/shahkotp/public_html/app/tenancy_v5.php:27
[2026-08-28T14:41:34+00:00] FATAL: Uncaught TypeError: Return value of current_tenant() must be of the type array or null, bool returned in /home/shahkotp/public_html/app/tenancy_v5.php:27
Stack trace:
#0 /home/shahkotp/public_html/app/tenancy_v5.php(37): current_tenant()
#1 /home/shahkotp/public_html/app/settings.php(372): tenant_brand('timezone', 'Asia/Karachi')
#2 /home/shahkotp/public_html/app/bootstrap.php(100): setting('timezone', 'Asia/Karachi')
#3 /home/shahkotp/public_html/not-found.php(3): require_once('/home/shahkotp/...')
#4 {main}
  thrown @ /home/shahkotp/public_html/app/tenancy_v5.php:27
[2026-08-28T14:42:12+00:00] FATAL: Uncaught TypeError: Return value of current_tenant() must be of the type array or null, bool returned in /home/shahkotp/public_html/app/tenancy_v5.php:27
Stack trace:
#0 /home/shahkotp/public_html/app/tenancy_v5.php(37): current_tenant()
#1 /home/shahkotp/public_html/app/settings.php(372): tenant_brand('timezone', 'Asia/Karachi')
#2 /home/shahkotp/public_html/app/bootstrap.php(100): setting('timezone', 'Asia/Karachi')
#3 /home/shahkotp/public_html/not-found.php(3): require_once('/home/shahkotp/...')
#4 {main}
  thrown @ /home/shahkotp/public_html/app/tenancy_v5.php:27
[2026-08-28T14:42:47+00:00] FATAL: Uncaught TypeError: Return value of current_tenant() must be of the type array or null, bool returned in /home/shahkotp/public_html/app/tenancy_v5.php:27
Stack trace:
#0 /home/shahkotp/public_html/app/tenancy_v5.php(37): current_tenant()
#1 /home/shahkotp/public_html/app/settings.php(372): tenant_brand('timezone', 'Asia/Karachi')
#2 /home/shahkotp/public_html/app/bootstrap.php(100): setting('timezone', 'Asia/Karachi')
#3 /home/shahkotp/public_html/index.php(2): require('/home/shahkotp/...')
#4 {main}
  thrown @ /home/shahkotp/public_html/app/tenancy_v5.php:27
[2026-08-28T14:43:17+00:00] FATAL: Uncaught TypeError: Return value of current_tenant() must be of the type array or null, bool returned in /home/shahkotp/public_html/app/tenancy_v5.php:27
Stack trace:
#0 /home/shahkotp/public_html/app/tenancy_v5.php(37): current_tenant()
#1 /home/shahkotp/public_html/app/settings.php(372): tenant_brand('timezone', 'Asia/Karachi')
#2 /home/shahkotp/public_html/app/bootstrap.php(100): setting('timezone', 'Asia/Karachi')
#3 /home/shahkotp/public_html/index.php(2): require('/home/shahkotp/...')
#4 {main}
  thrown @ /home/shahkotp/public_html/app/tenancy_v5.php:27
[2026-08-28T14:43:17+00:00] FATAL: Uncaught TypeError: Return value of current_tenant() must be of the type array or null, bool returned in /home/shahkotp/public_html/app/tenancy_v5.php:27
Stack trace:
#0 /home/shahkotp/public_html/app/tenancy_v5.php(37): current_tenant()
#1 /home/shahkotp/public_html/app/settings.php(372): tenant_brand('timezone', 'Asia/Karachi')
#2 /home/shahkotp/public_html/app/bootstrap.php(100): setting('timezone', 'Asia/Karachi')
#3 /home/shahkotp/public_html/index.php(2): require('/home/shahkotp/...')
#4 {main}
  thrown @ /home/shahkotp/public_html/app/tenancy_v5.php:27
[2026-08-28T14:43:36+00:00] FATAL: Uncaught TypeError: Return value of current_tenant() must be of the type array or null, bool returned in /home/shahkotp/public_html/app/tenancy_v5.php:27
Stack trace:
#0 /home/shahkotp/public_html/app/tenancy_v5.php(37): current_tenant()
#1 /home/shahkotp/public_html/app/settings.php(372): tenant_brand('timezone', 'Asia/Karachi')
#2 /home/shahkotp/public_html/app/bootstrap.php(100): setting('timezone', 'Asia/Karachi')
#3 /home/shahkotp/public_html/not-found.php(3): require_once('/home/shahkotp/...')
#4 {main}
  thrown @ /home/shahkotp/public_html/app/tenancy_v5.php:27
[2026-08-28T14:43:46+00:00] FATAL: Uncaught TypeError: Return value of current_tenant() must be of the type array or null, bool returned in /home/shahkotp/public_html/app/tenancy_v5.php:27
Stack trace:
#0 /home/shahkotp/public_html/app/tenancy_v5.php(37): current_tenant()
#1 /home/shahkotp/public_html/app/settings.php(372): tenant_brand('timezone', 'Asia/Karachi')
#2 /home/shahkotp/public_html/app/bootstrap.php(100): setting('timezone', 'Asia/Karachi')
#3 /home/shahkotp/public_html/admin/index.php(2): require('/home/shahkotp/...')
#4 {main}
  thrown @ /home/shahkotp/public_html/app/tenancy_v5.php:27
[2026-08-28T14:44:18+00:00] FATAL: Uncaught TypeError: Return value of current_tenant() must be of the type array or null, bool returned in /home/shahkotp/public_html/app/tenancy_v5.php:27
Stack trace:
#0 /home/shahkotp/public_html/app/tenancy_v5.php(37): current_tenant()
#1 /home/shahkotp/public_html/app/settings.php(372): tenant_brand('timezone', 'Asia/Karachi')
#2 /home/shahkotp/public_html/app/bootstrap.php(100): setting('timezone', 'Asia/Karachi')
#3 /home/shahkotp/public_html/not-found.php(3): require_once('/home/shahkotp/...')
#4 {main}
  thrown @ /home/shahkotp/public_html/app/tenancy_v5.php:27
[2026-08-28T14:44:59+00:00] FATAL: Uncaught TypeError: Return value of current_tenant() must be of the type array or null, bool returned in /home/shahkotp/public_html/app/tenancy_v5.php:27
Stack trace:
#0 /home/shahkotp/public_html/app/tenancy_v5.php(37): current_tenant()
#1 /home/shahkotp/public_html/app/settings.php(372): tenant_brand('timezone', 'Asia/Karachi')
#2 /home/shahkotp/public_html/app/bootstrap.php(100): setting('timezone', 'Asia/Karachi')
#3 /home/shahkotp/public_html/not-found.php(3): require_once('/home/shahkotp/...')
#4 {main}
  thrown @ /home/shahkotp/public_html/app/tenancy_v5.php:27
[2026-08-28T14:46:23+00:00] FATAL: Uncaught TypeError: Return value of current_tenant() must be of the type array or null, bool returned in /home/shahkotp/public_html/app/tenancy_v5.php:27
Stack trace:
#0 /home/shahkotp/public_html/app/tenancy_v5.php(37): current_tenant()
#1 /home/shahkotp/public_html/app/settings.php(372): tenant_brand('timezone', 'Asia/Karachi')
#2 /home/shahkotp/public_html/app/bootstrap.php(100): setting('timezone', 'Asia/Karachi')
#3 /home/shahkotp/public_html/not-found.php(3): require_once('/home/shahkotp/...')
#4 {main}
  thrown @ /home/shahkotp/public_html/app/tenancy_v5.php:27
[2026-08-28T14:46:36+00:00] FATAL: Uncaught TypeError: Return value of current_tenant() must be of the type array or null, bool returned in /home/shahkotp/public_html/app/tenancy_v5.php:27
Stack trace:
#0 /home/shahkotp/public_html/app/tenancy_v5.php(37): current_tenant()
#1 /home/shahkotp/public_html/app/settings.php(372): tenant_brand('timezone', 'Asia/Karachi')
#2 /home/shahkotp/public_html/app/bootstrap.php(100): setting('timezone', 'Asia/Karachi')
#3 /home/shahkotp/public_html/index.php(2): require('/home/shahkotp/...')
#4 {main}
  thrown @ /home/shahkotp/public_html/app/tenancy_v5.php:27
[2026-08-28T14:48:07+00:00] FATAL: Uncaught TypeError: Return value of current_tenant() must be of the type array or null, bool returned in /home/shahkotp/public_html/app/tenancy_v5.php:27
Stack trace:
#0 /home/shahkotp/public_html/app/tenancy_v5.php(37): current_tenant()
#1 /home/shahkotp/public_html/app/settings.php(372): tenant_brand('timezone', 'Asia/Karachi')
#2 /home/shahkotp/public_html/app/bootstrap.php(100): setting('timezone', 'Asia/Karachi')
#3 /home/shahkotp/public_html/not-found.php(3): require_once('/home/shahkotp/...')
#4 {main}
  thrown @ /home/shahkotp/public_html/app/tenancy_v5.php:27
[2026-08-28T14:48:27+00:00] FATAL: Uncaught TypeError: Return value of current_tenant() must be of the type array or null, bool returned in /home/shahkotp/public_html/app/tenancy_v5.php:27
Stack trace:
#0 /home/shahkotp/public_html/app/tenancy_v5.php(37): current_tenant()
#1 /home/shahkotp/public_html/app/settings.php(372): tenant_brand('timezone', 'Asia/Karachi')
#2 /home/shahkotp/public_html/app/bootstrap.php(100): setting('timezone', 'Asia/Karachi')
#3 /home/shahkotp/public_html/not-found.php(3): require_once('/home/shahkotp/...')
#4 {main}
  thrown @ /home/shahkotp/public_html/app/tenancy_v5.php:27
[2026-08-28T14:48:47+00:00] FATAL: Uncaught TypeError: Return value of current_tenant() must be of the type array or null, bool returned in /home/shahkotp/public_html/app/tenancy_v5.php:27
Stack trace:
#0 /home/shahkotp/public_html/app/tenancy_v5.php(37): current_tenant()
#1 /home/shahkotp/public_html/app/settings.php(372): tenant_brand('timezone', 'Asia/Karachi')
#2 /home/shahkotp/public_html/app/bootstrap.php(100): setting('timezone', 'Asia/Karachi')
#3 /home/shahkotp/public_html/not-found.php(3): require_once('/home/shahkotp/...')
#4 {main}
  thrown @ /home/shahkotp/public_html/app/tenancy_v5.php:27
[2026-08-28T14:48:51+00:00] FATAL: Uncaught TypeError: Return value of current_tenant() must be of the type array or null, bool returned in /home/shahkotp/public_html/app/tenancy_v5.php:27
Stack trace:
#0 /home/shahkotp/public_html/app/tenancy_v5.php(37): current_tenant()
#1 /home/shahkotp/public_html/app/settings.php(372): tenant_brand('timezone', 'Asia/Karachi')
#2 /home/shahkotp/public_html/app/bootstrap.php(100): setting('timezone', 'Asia/Karachi')
#3 /home/shahkotp/public_html/admin/index.php(2): require('/home/shahkotp/...')
#4 {main}
  thrown @ /home/shahkotp/public_html/app/tenancy_v5.php:27
[2026-08-28T14:48:53+00:00] FATAL: Uncaught TypeError: Return value of current_tenant() must be of the type array or null, bool returned in /home/shahkotp/public_html/app/tenancy_v5.php:27
Stack trace:
#0 /home/shahkotp/public_html/app/tenancy_v5.php(37): current_tenant()
#1 /home/shahkotp/public_html/app/settings.php(372): tenant_brand('timezone', 'Asia/Karachi')
#2 /home/shahkotp/public_html/app/bootstrap.php(100): setting('timezone', 'Asia/Karachi')
#3 /home/shahkotp/public_html/index.php(2): require('/home/shahkotp/...')
#4 {main}
  thrown @ /home/shahkotp/public_html/app/tenancy_v5.php:27
[2026-08-28T14:48:53+00:00] FATAL: Uncaught TypeError: Return value of current_tenant() must be of the type array or null, bool returned in /home/shahkotp/public_html/app/tenancy_v5.php:27
Stack trace:
#0 /home/shahkotp/public_html/app/tenancy_v5.php(37): current_tenant()
#1 /home/shahkotp/public_html/app/settings.php(372): tenant_brand('timezone', 'Asia/Karachi')
#2 /home/shahkotp/public_html/app/bootstrap.php(100): setting('timezone', 'Asia/Karachi')
#3 /home/shahkotp/public_html/index.php(2): require('/home/shahkotp/...')
#4 {main}
  thrown @ /home/shahkotp/public_html/app/tenancy_v5.php:27
[2026-08-28T14:49:15+00:00] FATAL: Uncaught TypeError: Return value of current_tenant() must be of the type array or null, bool returned in /home/shahkotp/public_html/app/tenancy_v5.php:27
Stack trace:
#0 /home/shahkotp/public_html/app/tenancy_v5.php(37): current_tenant()
#1 /home/shahkotp/public_html/app/settings.php(372): tenant_brand('timezone', 'Asia/Karachi')
#2 /home/shahkotp/public_html/app/bootstrap.php(100): setting('timezone', 'Asia/Karachi')
#3 /home/shahkotp/public_html/not-found.php(3): require_once('/home/shahkotp/...')
#4 {main}
  thrown @ /home/shahkotp/public_html/app/tenancy_v5.php:27
[2026-08-28T14:50:34+00:00] FATAL: Uncaught TypeError: Return value of current_tenant() must be of the type array or null, bool returned in /home/shahkotp/public_html/app/tenancy_v5.php:27
Stack trace:
#0 /home/shahkotp/public_html/app/tenancy_v5.php(37): current_tenant()
#1 /home/shahkotp/public_html/app/settings.php(372): tenant_brand('timezone', 'Asia/Karachi')
#2 /home/shahkotp/public_html/app/bootstrap.php(100): setting('timezone', 'Asia/Karachi')
#3 /home/shahkotp/public_html/not-found.php(3): require_once('/home/shahkotp/...')
#4 {main}
  thrown @ /home/shahkotp/public_html/app/tenancy_v5.php:27
[2026-08-28T14:51:57+00:00] FATAL: Uncaught TypeError: Return value of current_tenant() must be of the type array or null, bool returned in /home/shahkotp/public_html/app/tenancy_v5.php:27
Stack trace:
#0 /home/shahkotp/public_html/app/tenancy_v5.php(37): current_tenant()
#1 /home/shahkotp/public_html/app/settings.php(372): tenant_brand('timezone', 'Asia/Karachi')
#2 /home/shahkotp/public_html/app/bootstrap.php(100): setting('timezone', 'Asia/Karachi')
#3 /home/shahkotp/public_html/not-found.php(3): require_once('/home/shahkotp/...')
#4 {main}
  thrown @ /home/shahkotp/public_html/app/tenancy_v5.php:27
[2026-08-28T14:53:15+00:00] FATAL: Uncaught TypeError: Return value of current_tenant() must be of the type array or null, bool returned in /home/shahkotp/public_html/app/tenancy_v5.php:27
Stack trace:
#0 /home/shahkotp/public_html/app/tenancy_v5.php(37): current_tenant()
#1 /home/shahkotp/public_html/app/settings.php(372): tenant_brand('timezone', 'Asia/Karachi')
#2 /home/shahkotp/public_html/app/bootstrap.php(100): setting('timezone', 'Asia/Karachi')
#3 /home/shahkotp/public_html/index.php(2): require('/home/shahkotp/...')
#4 {main}
  thrown @ /home/shahkotp/public_html/app/tenancy_v5.php:27
[2026-08-28T14:53:20+00:00] FATAL: Uncaught TypeError: Return value of current_tenant() must be of the type array or null, bool returned in /home/shahkotp/public_html/app/tenancy_v5.php:27
Stack trace:
#0 /home/shahkotp/public_html/app/tenancy_v5.php(37): current_tenant()
#1 /home/shahkotp/public_html/app/settings.php(372): tenant_brand('timezone', 'Asia/Karachi')
#2 /home/shahkotp/public_html/app/bootstrap.php(100): setting('timezone', 'Asia/Karachi')
#3 /home/shahkotp/public_html/not-found.php(3): require_once('/home/shahkotp/...')
#4 {main}
  thrown @ /home/shahkotp/public_html/app/tenancy_v5.php:27
[2026-08-28T14:53:45+00:00] FATAL: Uncaught TypeError: Return value of current_tenant() must be of the type array or null, bool returned in /home/shahkotp/public_html/app/tenancy_v5.php:27
Stack trace:
#0 /home/shahkotp/public_html/app/tenancy_v5.php(37): current_tenant()
#1 /home/shahkotp/public_html/app/settings.php(372): tenant_brand('timezone', 'Asia/Karachi')
#2 /home/shahkotp/public_html/app/bootstrap.php(100): setting('timezone', 'Asia/Karachi')
#3 /home/shahkotp/public_html/index.php(2): require('/home/shahkotp/...')
#4 {main}
  thrown @ /home/shahkotp/public_html/app/tenancy_v5.php:27
[2026-08-28T14:54:44+00:00] FATAL: Uncaught TypeError: Return value of current_tenant() must be of the type array or null, bool returned in /home/shahkotp/public_html/app/tenancy_v5.php:27
Stack trace:
#0 /home/shahkotp/public_html/app/tenancy_v5.php(37): current_tenant()
#1 /home/shahkotp/public_html/app/settings.php(372): tenant_brand('timezone', 'Asia/Karachi')
#2 /home/shahkotp/public_html/app/bootstrap.php(100): setting('timezone', 'Asia/Karachi')
#3 /home/shahkotp/public_html/not-found.php(3): require_once('/home/shahkotp/...')
#4 {main}
  thrown @ /home/shahkotp/public_html/app/tenancy_v5.php:27
[2026-08-28T14:55:32+00:00] FATAL: Uncaught TypeError: Return value of current_tenant() must be of the type array or null, bool returned in /home/shahkotp/public_html/app/tenancy_v5.php:27
Stack trace:
#0 /home/shahkotp/public_html/app/tenancy_v5.php(37): current_tenant()
#1 /home/shahkotp/public_html/app/settings.php(372): tenant_brand('timezone', 'Asia/Karachi')
#2 /home/shahkotp/public_html/app/bootstrap.php(100): setting('timezone', 'Asia/Karachi')
#3 /home/shahkotp/public_html/not-found.php(3): require_once('/home/shahkotp/...')
#4 {main}
  thrown @ /home/shahkotp/public_html/app/tenancy_v5.php:27
[2026-08-28T14:56:08+00:00] FATAL: Uncaught TypeError: Return value of current_tenant() must be of the type array or null, bool returned in /home/shahkotp/public_html/app/tenancy_v5.php:27
Stack trace:
#0 /home/shahkotp/public_html/app/tenancy_v5.php(37): current_tenant()
#1 /home/shahkotp/public_html/app/settings.php(372): tenant_brand('timezone', 'Asia/Karachi')
#2 /home/shahkotp/public_html/app/bootstrap.php(100): setting('timezone', 'Asia/Karachi')
#3 /home/shahkotp/public_html/not-found.php(3): require_once('/home/shahkotp/...')
#4 {main}
  thrown @ /home/shahkotp/public_html/app/tenancy_v5.php:27
[2026-08-28T14:56:15+00:00] FATAL: Uncaught TypeError: Return value of current_tenant() must be of the type array or null, bool returned in /home/shahkotp/public_html/app/tenancy_v5.php:27
Stack trace:
#0 /home/shahkotp/public_html/app/tenancy_v5.php(37): current_tenant()
#1 /home/shahkotp/public_html/app/settings.php(372): tenant_brand('timezone', 'Asia/Karachi')
#2 /home/shahkotp/public_html/app/bootstrap.php(100): setting('timezone', 'Asia/Karachi')
#3 /home/shahkotp/public_html/not-found.php(3): require_once('/home/shahkotp/...')
#4 {main}
  thrown @ /home/shahkotp/public_html/app/tenancy_v5.php:27
[2026-08-28T14:56:15+00:00] FATAL: Uncaught TypeError: Return value of current_tenant() must be of the type array or null, bool returned in /home/shahkotp/public_html/app/tenancy_v5.php:27
Stack trace:
#0 /home/shahkotp/public_html/app/tenancy_v5.php(37): current_tenant()
#1 /home/shahkotp/public_html/app/settings.php(372): tenant_brand('timezone', 'Asia/Karachi')
#2 /home/shahkotp/public_html/app/bootstrap.php(100): setting('timezone', 'Asia/Karachi')
#3 /home/shahkotp/public_html/index.php(2): require('/home/shahkotp/...')
#4 {main}
  thrown @ /home/shahkotp/public_html/app/tenancy_v5.php:27
[2026-08-28T14:56:22+00:00] FATAL: Uncaught TypeError: Return value of current_tenant() must be of the type array or null, bool returned in /home/shahkotp/public_html/app/tenancy_v5.php:27
Stack trace:
#0 /home/shahkotp/public_html/app/tenancy_v5.php(37): current_tenant()
#1 /home/shahkotp/public_html/app/settings.php(372): tenant_brand('timezone', 'Asia/Karachi')
#2 /home/shahkotp/public_html/app/bootstrap.php(100): setting('timezone', 'Asia/Karachi')
#3 /home/shahkotp/public_html/index.php(2): require('/home/shahkotp/...')
#4 {main}
  thrown @ /home/shahkotp/public_html/app/tenancy_v5.php:27
[2026-08-28T14:57:32+00:00] FATAL: Uncaught TypeError: Return value of current_tenant() must be of the type array or null, bool returned in /home/shahkotp/public_html/app/tenancy_v5.php:27
Stack trace:
#0 /home/shahkotp/public_html/app/tenancy_v5.php(37): current_tenant()
#1 /home/shahkotp/public_html/app/settings.php(372): tenant_brand('timezone', 'Asia/Karachi')
#2 /home/shahkotp/public_html/app/bootstrap.php(100): setting('timezone', 'Asia/Karachi')
#3 /home/shahkotp/public_html/not-found.php(3): require_once('/home/shahkotp/...')
#4 {main}
  thrown @ /home/shahkotp/public_html/app/tenancy_v5.php:27
[2026-08-28T14:58:55+00:00] FATAL: Uncaught TypeError: Return value of current_tenant() must be of the type array or null, bool returned in /home/shahkotp/public_html/app/tenancy_v5.php:27
Stack trace:
#0 /home/shahkotp/public_html/app/tenancy_v5.php(37): current_tenant()
#1 /home/shahkotp/public_html/app/settings.php(372): tenant_brand('timezone', 'Asia/Karachi')
#2 /home/shahkotp/public_html/app/bootstrap.php(100): setting('timezone', 'Asia/Karachi')
#3 /home/shahkotp/public_html/not-found.php(3): require_once('/home/shahkotp/...')
#4 {main}
  thrown @ /home/shahkotp/public_html/app/tenancy_v5.php:27
[2026-08-28T14:59:36+00:00] FATAL: Uncaught TypeError: Return value of current_tenant() must be of the type array or null, bool returned in /home/shahkotp/public_html/app/tenancy_v5.php:27
Stack trace:
#0 /home/shahkotp/public_html/app/tenancy_v5.php(37): current_tenant()
#1 /home/shahkotp/public_html/app/settings.php(372): tenant_brand('timezone', 'Asia/Karachi')
#2 /home/shahkotp/public_html/app/bootstrap.php(100): setting('timezone', 'Asia/Karachi')
#3 /home/shahkotp/public_html/not-found.php(3): require_once('/home/shahkotp/...')
#4 {main}
  thrown @ /home/shahkotp/public_html/app/tenancy_v5.php:27
[2026-08-28T14:59:36+00:00] FATAL: Uncaught TypeError: Return value of current_tenant() must be of the type array or null, bool returned in /home/shahkotp/public_html/app/tenancy_v5.php:27
Stack trace:
#0 /home/shahkotp/public_html/app/tenancy_v5.php(37): current_tenant()
#1 /home/shahkotp/public_html/app/settings.php(372): tenant_brand('timezone', 'Asia/Karachi')
#2 /home/shahkotp/public_html/app/bootstrap.php(100): setting('timezone', 'Asia/Karachi')
#3 /home/shahkotp/public_html/index.php(2): require('/home/shahkotp/...')
#4 {main}
  thrown @ /home/shahkotp/public_html/app/tenancy_v5.php:27
[2026-08-28T15:00:13+00:00] FATAL: Uncaught TypeError: Return value of current_tenant() must be of the type array or null, bool returned in /home/shahkotp/public_html/app/tenancy_v5.php:27
Stack trace:
#0 /home/shahkotp/public_html/app/tenancy_v5.php(37): current_tenant()
#1 /home/shahkotp/public_html/app/settings.php(372): tenant_brand('timezone', 'Asia/Karachi')
#2 /home/shahkotp/public_html/app/bootstrap.php(100): setting('timezone', 'Asia/Karachi')
#3 /home/shahkotp/public_html/not-found.php(3): require_once('/home/shahkotp/...')
#4 {main}
  thrown @ /home/shahkotp/public_html/app/tenancy_v5.php:27
[2026-08-28T15:00:18+00:00] FATAL: Uncaught TypeError: Return value of current_tenant() must be of the type array or null, bool returned in /home/shahkotp/public_html/app/tenancy_v5.php:27
Stack trace:
#0 /home/shahkotp/public_html/app/tenancy_v5.php(37): current_tenant()
#1 /home/shahkotp/public_html/app/settings.php(372): tenant_brand('timezone', 'Asia/Karachi')
#2 /home/shahkotp/public_html/app/bootstrap.php(100): setting('timezone', 'Asia/Karachi')
#3 /home/shahkotp/public_html/not-found.php(3): require_once('/home/shahkotp/...')
#4 {main}
  thrown @ /home/shahkotp/public_html/app/tenancy_v5.php:27
[2026-08-28T15:01:29+00:00] FATAL: Uncaught TypeError: Return value of current_tenant() must be of the type array or null, bool returned in /home/shahkotp/public_html/app/tenancy_v5.php:27
Stack trace:
#0 /home/shahkotp/public_html/app/tenancy_v5.php(37): current_tenant()
#1 /home/shahkotp/public_html/app/settings.php(372): tenant_brand('timezone', 'Asia/Karachi')
#2 /home/shahkotp/public_html/app/bootstrap.php(100): setting('timezone', 'Asia/Karachi')
#3 /home/shahkotp/public_html/not-found.php(3): require_once('/home/shahkotp/...')
#4 {main}
  thrown @ /home/shahkotp/public_html/app/tenancy_v5.php:27
[2026-08-28T15:01:39+00:00] FATAL: Uncaught TypeError: Return value of current_tenant() must be of the type array or null, bool returned in /home/shahkotp/public_html/app/tenancy_v5.php:27
Stack trace:
#0 /home/shahkotp/public_html/app/tenancy_v5.php(37): current_tenant()
#1 /home/shahkotp/public_html/app/settings.php(372): tenant_brand('timezone', 'Asia/Karachi')
#2 /home/shahkotp/public_html/app/bootstrap.php(100): setting('timezone', 'Asia/Karachi')
#3 /home/shahkotp/public_html/not-found.php(3): require_once('/home/shahkotp/...')
#4 {main}
  thrown @ /home/shahkotp/public_html/app/tenancy_v5.php:27
[2026-08-28T15:01:42+00:00] FATAL: Uncaught TypeError: Return value of current_tenant() must be of the type array or null, bool returned in /home/shahkotp/public_html/app/tenancy_v5.php:27
Stack trace:
#0 /home/shahkotp/public_html/app/tenancy_v5.php(37): current_tenant()
#1 /home/shahkotp/public_html/app/settings.php(372): tenant_brand('timezone', 'Asia/Karachi')
#2 /home/shahkotp/public_html/app/bootstrap.php(100): setting('timezone', 'Asia/Karachi')
#3 /home/shahkotp/public_html/not-found.php(3): require_once('/home/shahkotp/...')
#4 {main}
  thrown @ /home/shahkotp/public_html/app/tenancy_v5.php:27
[2026-08-28T15:02:14+00:00] FATAL: Uncaught TypeError: Return value of current_tenant() must be of the type array or null, bool returned in /home/shahkotp/public_html/app/tenancy_v5.php:27
Stack trace:
#0 /home/shahkotp/public_html/app/tenancy_v5.php(37): current_tenant()
#1 /home/shahkotp/public_html/app/settings.php(372): tenant_brand('timezone', 'Asia/Karachi')
#2 /home/shahkotp/public_html/app/bootstrap.php(100): setting('timezone', 'Asia/Karachi')
#3 /home/shahkotp/public_html/index.php(2): require('/home/shahkotp/...')
#4 {main}
  thrown @ /home/shahkotp/public_html/app/tenancy_v5.php:27
[2026-08-28T15:02:16+00:00] FATAL: Uncaught TypeError: Return value of current_tenant() must be of the type array or null, bool returned in /home/shahkotp/public_html/app/tenancy_v5.php:27
Stack trace:
#0 /home/shahkotp/public_html/app/tenancy_v5.php(37): current_tenant()
#1 /home/shahkotp/public_html/app/settings.php(372): tenant_brand('timezone', 'Asia/Karachi')
#2 /home/shahkotp/public_html/app/bootstrap.php(100): setting('timezone', 'Asia/Karachi')
#3 /home/shahkotp/public_html/index.php(2): require('/home/shahkotp/...')
#4 {main}
  thrown @ /home/shahkotp/public_html/app/tenancy_v5.php:27
[2026-08-28T15:02:24+00:00] FATAL: Uncaught TypeError: Return value of current_tenant() must be of the type array or null, bool returned in /home/shahkotp/public_html/app/tenancy_v5.php:27
Stack trace:
#0 /home/shahkotp/public_html/app/tenancy_v5.php(37): current_tenant()
#1 /home/shahkotp/public_html/app/settings.php(372): tenant_brand('timezone', 'Asia/Karachi')
#2 /home/shahkotp/public_html/app/bootstrap.php(100): setting('timezone', 'Asia/Karachi')
#3 /home/shahkotp/public_html/admin/index.php(2): require('/home/shahkotp/...')
#4 {main}
  thrown @ /home/shahkotp/public_html/app/tenancy_v5.php:27
[2026-08-28T15:02:38+00:00] FATAL: Uncaught TypeError: Return value of current_tenant() must be of the type array or null, bool returned in /home/shahkotp/public_html/app/tenancy_v5.php:27
Stack trace:
#0 /home/shahkotp/public_html/app/tenancy_v5.php(37): current_tenant()
#1 /home/shahkotp/public_html/app/settings.php(372): tenant_brand('timezone', 'Asia/Karachi')
#2 /home/shahkotp/public_html/app/bootstrap.php(100): setting('timezone', 'Asia/Karachi')
#3 /home/shahkotp/public_html/not-found.php(3): require_once('/home/shahkotp/...')
#4 {main}
  thrown @ /home/shahkotp/public_html/app/tenancy_v5.php:27
[2026-08-28T15:03:05+00:00] FATAL: Uncaught TypeError: Return value of current_tenant() must be of the type array or null, bool returned in /home/shahkotp/public_html/app/tenancy_v5.php:27
Stack trace:
#0 /home/shahkotp/public_html/app/tenancy_v5.php(37): current_tenant()
#1 /home/shahkotp/public_html/app/settings.php(372): tenant_brand('timezone', 'Asia/Karachi')
#2 /home/shahkotp/public_html/app/bootstrap.php(100): setting('timezone', 'Asia/Karachi')
#3 /home/shahkotp/public_html/not-found.php(3): require_once('/home/shahkotp/...')
#4 {main}
  thrown @ /home/shahkotp/public_html/app/tenancy_v5.php:27
[2026-08-28T15:03:33+00:00] FATAL: Uncaught TypeError: Return value of current_tenant() must be of the type array or null, bool returned in /home/shahkotp/public_html/app/tenancy_v5.php:27
Stack trace:
#0 /home/shahkotp/public_html/app/tenancy_v5.php(37): current_tenant()
#1 /home/shahkotp/public_html/app/settings.php(372): tenant_brand('timezone', 'Asia/Karachi')
#2 /home/shahkotp/public_html/app/bootstrap.php(100): setting('timezone', 'Asia/Karachi')
#3 /home/shahkotp/public_html/not-found.php(3): require_once('/home/shahkotp/...')
#4 {main}
  thrown @ /home/shahkotp/public_html/app/tenancy_v5.php:27
[2026-08-28T15:03:33+00:00] FATAL: Uncaught TypeError: Return value of current_tenant() must be of the type array or null, bool returned in /home/shahkotp/public_html/app/tenancy_v5.php:27
Stack trace:
#0 /home/shahkotp/public_html/app/tenancy_v5.php(37): current_tenant()
#1 /home/shahkotp/public_html/app/settings.php(372): tenant_brand('timezone', 'Asia/Karachi')
#2 /home/shahkotp/public_html/app/bootstrap.php(100): setting('timezone', 'Asia/Karachi')
#3 /home/shahkotp/public_html/index.php(2): require('/home/shahkotp/...')
#4 {main}
  thrown @ /home/shahkotp/public_html/app/tenancy_v5.php:27
[2026-08-28T15:04:29+00:00] FATAL: Uncaught TypeError: Return value of current_tenant() must be of the type array or null, bool returned in /home/shahkotp/public_html/app/tenancy_v5.php:27
Stack trace:
#0 /home/shahkotp/public_html/app/tenancy_v5.php(37): current_tenant()
#1 /home/shahkotp/public_html/app/settings.php(372): tenant_brand('timezone', 'Asia/Karachi')
#2 /home/shahkotp/public_html/app/bootstrap.php(100): setting('timezone', 'Asia/Karachi')
#3 /home/shahkotp/public_html/not-found.php(3): require_once('/home/shahkotp/...')
#4 {main}
  thrown @ /home/shahkotp/public_html/app/tenancy_v5.php:27
[2026-08-28T15:05:54+00:00] FATAL: Uncaught TypeError: Return value of current_tenant() must be of the type array or null, bool returned in /home/shahkotp/public_html/app/tenancy_v5.php:27
Stack trace:
#0 /home/shahkotp/public_html/app/tenancy_v5.php(37): current_tenant()
#1 /home/shahkotp/public_html/app/settings.php(372): tenant_brand('timezone', 'Asia/Karachi')
#2 /home/shahkotp/public_html/app/bootstrap.php(100): setting('timezone', 'Asia/Karachi')
#3 /home/shahkotp/public_html/not-found.php(3): require_once('/home/shahkotp/...')
#4 {main}
  thrown @ /home/shahkotp/public_html/app/tenancy_v5.php:27
[2026-08-28T15:06:22+00:00] FATAL: Uncaught TypeError: Return value of current_tenant() must be of the type array or null, bool returned in /home/shahkotp/public_html/app/tenancy_v5.php:27
Stack trace:
#0 /home/shahkotp/public_html/app/tenancy_v5.php(37): current_tenant()
#1 /home/shahkotp/public_html/app/settings.php(372): tenant_brand('timezone', 'Asia/Karachi')
#2 /home/shahkotp/public_html/app/bootstrap.php(100): setting('timezone', 'Asia/Karachi')
#3 /home/shahkotp/public_html/not-found.php(3): require_once('/home/shahkotp/...')
#4 {main}
  thrown @ /home/shahkotp/public_html/app/tenancy_v5.php:27
[2026-08-28T15:06:22+00:00] FATAL: Uncaught TypeError: Return value of current_tenant() must be of the type array or null, bool returned in /home/shahkotp/public_html/app/tenancy_v5.php:27
Stack trace:
#0 /home/shahkotp/public_html/app/tenancy_v5.php(37): current_tenant()
#1 /home/shahkotp/public_html/app/settings.php(372): tenant_brand('timezone', 'Asia/Karachi')
#2 /home/shahkotp/public_html/app/bootstrap.php(100): setting('timezone', 'Asia/Karachi')
#3 /home/shahkotp/public_html/index.php(2): require('/home/shahkotp/...')
#4 {main}
  thrown @ /home/shahkotp/public_html/app/tenancy_v5.php:27
[2026-08-28T15:07:22+00:00] FATAL: Uncaught TypeError: Return value of current_tenant() must be of the type array or null, bool returned in /home/shahkotp/public_html/app/tenancy_v5.php:27
Stack trace:
#0 /home/shahkotp/public_html/app/tenancy_v5.php(37): current_tenant()
#1 /home/shahkotp/public_html/app/settings.php(372): tenant_brand('timezone', 'Asia/Karachi')
#2 /home/shahkotp/public_html/app/bootstrap.php(100): setting('timezone', 'Asia/Karachi')
#3 /home/shahkotp/public_html/not-found.php(3): require_once('/home/shahkotp/...')
#4 {main}
  thrown @ /home/shahkotp/public_html/app/tenancy_v5.php:27
[2026-08-28T15:08:16+00:00] FATAL: Uncaught TypeError: Return value of current_tenant() must be of the type array or null, bool returned in /home/shahkotp/public_html/app/tenancy_v5.php:27
Stack trace:
#0 /home/shahkotp/public_html/app/tenancy_v5.php(37): current_tenant()
#1 /home/shahkotp/public_html/app/settings.php(372): tenant_brand('timezone', 'Asia/Karachi')
#2 /home/shahkotp/public_html/app/bootstrap.php(100): setting('timezone', 'Asia/Karachi')
#3 /home/shahkotp/public_html/not-found.php(3): require_once('/home/shahkotp/...')
#4 {main}
  thrown @ /home/shahkotp/public_html/app/tenancy_v5.php:27
[2026-08-28T15:08:43+00:00] FATAL: Uncaught TypeError: Return value of current_tenant() must be of the type array or null, bool returned in /home/shahkotp/public_html/app/tenancy_v5.php:27
Stack trace:
#0 /home/shahkotp/public_html/app/tenancy_v5.php(37): current_tenant()
#1 /home/shahkotp/public_html/app/settings.php(372): tenant_brand('timezone', 'Asia/Karachi')
#2 /home/shahkotp/public_html/app/bootstrap.php(100): setting('timezone', 'Asia/Karachi')
#3 /home/shahkotp/public_html/not-found.php(3): require_once('/home/shahkotp/...')
#4 {main}
  thrown @ /home/shahkotp/public_html/app/tenancy_v5.php:27
[2026-08-28T20:12:48+05:00] v9.1 demo autoload failed | TypeError: dummy_v910_insert(): Argument #1 ($table) must be of type string, array given, called in /home/shahkotp/public_html/app/dummy_data_v52.php on line 127 @ /home/shahkotp/public_html/app/dummy_data_v52.php:92
[2026-08-28T20:25:58+05:00] FATAL: Uncaught Error: Call to undefined function page_end() in /home/shahkotp/public_html/admin/enterprise.php:109
Stack trace:
#0 {main}
  thrown @ /home/shahkotp/public_html/admin/enterprise.php:109
[2026-08-28T20:26:01+05:00] FATAL: Uncaught Error: Call to undefined function page_end() in /home/shahkotp/public_html/admin/enterprise.php:109
Stack trace:
#0 {main}
  thrown @ /home/shahkotp/public_html/admin/enterprise.php:109
[2026-08-28T20:26:03+05:00] FATAL: Uncaught Error: Call to undefined function page_end() in /home/shahkotp/public_html/admin/enterprise.php:109
Stack trace:
#0 {main}
  thrown @ /home/shahkotp/public_html/admin/enterprise.php:109
[2026-08-28T20:26:04+05:00] FATAL: Uncaught Error: Call to undefined function page_end() in /home/shahkotp/public_html/admin/enterprise.php:109
Stack trace:
#0 {main}
  thrown @ /home/shahkotp/public_html/admin/enterprise.php:109
[2026-08-28T20:26:05+05:00] FATAL: Uncaught Error: Call to undefined function page_end() in /home/shahkotp/public_html/admin/enterprise.php:109
Stack trace:
#0 {main}
  thrown @ /home/shahkotp/public_html/admin/enterprise.php:109
[2026-08-28T20:26:33+05:00] FATAL: Uncaught Error: Call to undefined function page_end() in /home/shahkotp/public_html/admin/enterprise.php:109
Stack trace:
#0 {main}
  thrown @ /home/shahkotp/public_html/admin/enterprise.php:109
[2026-08-28T20:50:00+05:00] FATAL: Uncaught PDOException: SQLSTATE[42S22]: Column not found: 1054 Unknown column 'd.budget' in 'SELECT' in /home/shahkotp/public_html/ad-click.php:4
Stack trace:
#0 /home/shahkotp/public_html/ad-click.php(4): PDO->prepare()
#1 {main}
  thrown @ /home/shahkotp/public_html/ad-click.php:4
[2026-08-28T22:30:43+05:00] FATAL: Uncaught Error: Call to undefined function page_end() in /home/shahkotp/public_html/admin/enterprise.php:109
Stack trace:
#0 {main}
  thrown @ /home/shahkotp/public_html/admin/enterprise.php:109
[2026-08-28T22:48:22+05:00] FATAL: Uncaught Error: Call to undefined function page_end() in /home/shahkotp/public_html/admin/banner-pack.php:46
Stack trace:
#0 {main}
  thrown @ /home/shahkotp/public_html/admin/banner-pack.php:46
[2026-08-28T22:48:50+05:00] FATAL: Uncaught Error: Call to undefined function page_end() in /home/shahkotp/public_html/admin/banner-pack.php:46
Stack trace:
#0 {main}
  thrown @ /home/shahkotp/public_html/admin/banner-pack.php:46
[2026-08-29T00:31:00+05:00] Request activity logger failed | PDOException: SQLSTATE[HY000]: General error: 2014 Cannot execute queries while other unbuffered queries are active.  Consider using PDOStatement::fetchAll().  Alternatively, if your code is only ever going to run against mysql, you may enable query buffering by setting the PDO::MYSQL_ATTR_USE_BUFFERED_QUERY attribute. @ /home/shahkotp/public_html/app/activity_log.php:105
[2026-08-29T00:50:39+05:00] FATAL: Uncaught Error: Call to undefined function page_end() in /home/shahkotp/public_html/admin/live.php:114
Stack trace:
#0 {main}
  thrown @ /home/shahkotp/public_html/admin/live.php:114
[2026-08-29T01:04:13+05:00] FATAL: Uncaught Error: Call to undefined function page_end() in /home/shahkotp/public_html/admin/doctor-online.php:31
Stack trace:
#0 {main}
  thrown @ /home/shahkotp/public_html/admin/doctor-online.php:31
[2026-08-29T12:21:16+05:00] FATAL: Uncaught TypeError: blog_title(): Argument #2 ($lang) must be of type string, null given, called in /home/shahkotp/public_html/blog.php on line 7 and defined in /home/shahkotp/public_html/app/blog.php:25
Stack trace:
#0 /home/shahkotp/public_html/blog.php(7): blog_title()
#1 {main}
  thrown @ /home/shahkotp/public_html/app/blog.php:25
[2026-08-29T12:21:18+05:00] FATAL: Uncaught PDOException: SQLSTATE[42S22]: Column not found: 1054 Unknown column 'd.budget' in 'SELECT' in /home/shahkotp/public_html/ad-click.php:4
Stack trace:
#0 /home/shahkotp/public_html/ad-click.php(4): PDO->prepare()
#1 {main}
  thrown @ /home/shahkotp/public_html/ad-click.php:4
[2026-08-29T14:55:28+05:00] FATAL: Uncaught Error: Call to undefined function page_end() in /home/shahkotp/public_html/admin/banner-pack.php:46
Stack trace:
#0 {main}
  thrown @ /home/shahkotp/public_html/admin/banner-pack.php:46
[2026-08-29T14:55:34+05:00] FATAL: Uncaught Error: Call to undefined function page_end() in /home/shahkotp/public_html/admin/banner-pack.php:46
Stack trace:
#0 {main}
  thrown @ /home/shahkotp/public_html/admin/banner-pack.php:46
[2026-08-29T14:56:12+05:00] FATAL: Uncaught Error: Call to undefined function page_end() in /home/shahkotp/public_html/admin/banner-pack.php:46
Stack trace:
#0 {main}
  thrown @ /home/shahkotp/public_html/admin/banner-pack.php:46
[2026-08-29T14:56:28+05:00] FATAL: Uncaught Error: Call to undefined function page_end() in /home/shahkotp/public_html/admin/banner-pack.php:46
Stack trace:
#0 {main}
  thrown @ /home/shahkotp/public_html/admin/banner-pack.php:46
[2026-08-29T14:56:32+05:00] FATAL: Uncaught Error: Call to undefined function page_end() in /home/shahkotp/public_html/admin/banner-pack.php:46
Stack trace:
#0 {main}
  thrown @ /home/shahkotp/public_html/admin/banner-pack.php:46
[2026-08-29T14:57:23+05:00] FATAL: Uncaught Error: Call to undefined function page_end() in /home/shahkotp/public_html/admin/banner-pack.php:46
Stack trace:
#0 {main}
  thrown @ /home/shahkotp/public_html/admin/banner-pack.php:46
[2026-08-29T18:47:07+05:00] FATAL: Uncaught Error: Call to undefined function page_end() in /home/shahkotp/public_html/admin/banner-pack.php:46
Stack trace:
#0 {main}
  thrown @ /home/shahkotp/public_html/admin/banner-pack.php:46
[2026-08-29T18:53:36+05:00] FATAL: Uncaught Error: Call to undefined function spn1100_core_routes() in /home/shahkotp/public_html/admin/landing-menu.php:2
Stack trace:
#0 {main}
  thrown @ /home/shahkotp/public_html/admin/landing-menu.php:2
[2026-08-29T21:59:19+05:00] FATAL: Uncaught Error: Call to undefined function page_end() in /home/shahkotp/public_html/admin/pos.php:2
Stack trace:
#0 {main}
  thrown @ /home/shahkotp/public_html/admin/pos.php:2
[2026-08-29T23:41:12+05:00] FATAL: Uncaught TypeError: blog_title(): Argument #2 ($lang) must be of type string, null given, called in /home/shahkotp/public_html/blog.php on line 7 and defined in /home/shahkotp/public_html/app/blog.php:25
Stack trace:
#0 /home/shahkotp/public_html/blog.php(7): blog_title()
#1 {main}
  thrown @ /home/shahkotp/public_html/app/blog.php:25
[2026-08-29T23:45:22+05:00] FATAL: Uncaught Error: Call to undefined function page_end() in /home/shahkotp/public_html/admin/shop.php:33
Stack trace:
#0 {main}
  thrown @ /home/shahkotp/public_html/admin/shop.php:33
[2026-08-29T23:45:30+05:00] FATAL: Uncaught Error: Call to undefined function page_end() in /home/shahkotp/public_html/admin/shop.php:33
Stack trace:
#0 {main}
  thrown @ /home/shahkotp/public_html/admin/shop.php:33
[2026-08-29T23:45:32+05:00] FATAL: Uncaught Error: Call to undefined function page_end() in /home/shahkotp/public_html/admin/shop.php:33
Stack trace:
#0 {main}
  thrown @ /home/shahkotp/public_html/admin/shop.php:33
[2026-08-29T23:45:43+05:00] FATAL: Uncaught Error: Call to undefined function page_end() in /home/shahkotp/public_html/admin/shop.php:33
Stack trace:
#0 {main}
  thrown @ /home/shahkotp/public_html/admin/shop.php:33
[2026-08-29T23:45:50+05:00] FATAL: Uncaught Error: Call to undefined function page_end() in /home/shahkotp/public_html/admin/shop.php:33
Stack trace:
#0 {main}
  thrown @ /home/shahkotp/public_html/admin/shop.php:33
[2026-08-29T23:45:52+05:00] FATAL: Uncaught Error: Call to undefined function page_end() in /home/shahkotp/public_html/admin/shop.php:33
Stack trace:
#0 {main}
  thrown @ /home/shahkotp/public_html/admin/shop.php:33
[2026-08-29T23:45:53+05:00] FATAL: Uncaught Error: Call to undefined function page_end() in /home/shahkotp/public_html/admin/shop.php:33
Stack trace:
#0 {main}
  thrown @ /home/shahkotp/public_html/admin/shop.php:33
[2026-08-29T23:45:58+05:00] FATAL: Uncaught Error: Call to undefined function page_end() in /home/shahkotp/public_html/admin/shop.php:33
Stack trace:
#0 {main}
  thrown @ /home/shahkotp/public_html/admin/shop.php:33
[2026-08-29T23:46:02+05:00] FATAL: Uncaught Error: Call to undefined function page_end() in /home/shahkotp/public_html/admin/shop.php:33
Stack trace:
#0 {main}
  thrown @ /home/shahkotp/public_html/admin/shop.php:33
[2026-08-30T01:54:10+05:00] Request activity logger failed | PDOException: SQLSTATE[HY000]: General error: 2014 Cannot execute queries while other unbuffered queries are active.  Consider using PDOStatement::fetchAll().  Alternatively, if your code is only ever going to run against mysql, you may enable query buffering by setting the PDO::MYSQL_ATTR_USE_BUFFERED_QUERY attribute. @ /home/shahkotp/public_html/app/activity_log.php:105
[2026-08-30T02:21:30+05:00] FATAL: Uncaught Error: Call to undefined function page_end() in /home/shahkotp/public_html/admin/backup-storage-cleanup.php:53
Stack trace:
#0 {main}
  thrown @ /home/shahkotp/public_html/admin/backup-storage-cleanup.php:53
[2026-08-30T02:21:51+05:00] FATAL: Uncaught Error: Call to undefined function page_end() in /home/shahkotp/public_html/admin/backup-storage-cleanup.php:53
Stack trace:
#0 {main}
  thrown @ /home/shahkotp/public_html/admin/backup-storage-cleanup.php:53
[2026-08-30T02:22:44+05:00] FATAL: Uncaught Error: Call to undefined function page_end() in /home/shahkotp/public_html/admin/backup-storage-cleanup.php:53
Stack trace:
#0 {main}
  thrown @ /home/shahkotp/public_html/admin/backup-storage-cleanup.php:53
[2026-08-30T02:22:54+05:00] FATAL: Uncaught Error: Call to undefined function page_end() in /home/shahkotp/public_html/admin/backup-storage-cleanup.php:53
Stack trace:
#0 {main}
  thrown @ /home/shahkotp/public_html/admin/backup-storage-cleanup.php:53
[2026-08-30T02:23:12+05:00] FATAL: Uncaught Error: Call to undefined function page_end() in /home/shahkotp/public_html/admin/backup-storage-cleanup.php:53
Stack trace:
#0 {main}
  thrown @ /home/shahkotp/public_html/admin/backup-storage-cleanup.php:53
[2026-08-30T03:41:22+05:00] Request activity logger failed | PDOException: SQLSTATE[HY000]: General error: 2014 Cannot execute queries while other unbuffered queries are active.  Consider using PDOStatement::fetchAll().  Alternatively, if your code is only ever going to run against mysql, you may enable query buffering by setting the PDO::MYSQL_ATTR_USE_BUFFERED_QUERY attribute. @ /home/shahkotp/public_html/app/activity_log.php:105
[2026-08-30T03:55:14+05:00] FATAL: Uncaught Error: Call to undefined function page_start() in /home/shahkotp/public_html/admin/route-integrity.php:30
Stack trace:
#0 {main}
  thrown @ /home/shahkotp/public_html/admin/route-integrity.php:30
[2026-08-30T04:00:33+05:00] FATAL: Uncaught Error: Call to undefined function page_end() in /home/shahkotp/public_html/admin/backup-storage-cleanup.php:53
Stack trace:
#0 {main}
  thrown @ /home/shahkotp/public_html/admin/backup-storage-cleanup.php:53
[2026-08-30T13:17:26+05:00] FATAL: Uncaught PDOException: SQLSTATE[42S22]: Column not found: 1054 Unknown column 'd.budget' in 'SELECT' in /home/shahkotp/public_html/ad-click.php:4
Stack trace:
#0 /home/shahkotp/public_html/ad-click.php(4): PDO->prepare()
#1 {main}
  thrown @ /home/shahkotp/public_html/ad-click.php:4
[2026-08-30T13:53:36+05:00] FATAL: Uncaught TypeError: has_permission(): Argument #1 ($permission) must be of type string, null given, called in /home/shahkotp/public_html/admin/growth.php on line 108 and defined in /home/shahkotp/public_html/app/permissions.php:219
Stack trace:
#0 /home/shahkotp/public_html/admin/growth.php(108): has_permission()
#1 /home/shahkotp/public_html/admin/analytics.php(3): require('/home/shahkotp/...')
#2 {main}
  thrown @ /home/shahkotp/public_html/app/permissions.php:219
[2026-08-30T13:53:41+05:00] FATAL: Uncaught Error: Call to undefined function page_end() in /home/shahkotp/public_html/admin/location-discovery.php:30
Stack trace:
#0 {main}
  thrown @ /home/shahkotp/public_html/admin/location-discovery.php:30
[2026-08-30T14:02:04+05:00] FATAL: Uncaught Error: Call to undefined function page_start() in /home/shahkotp/public_html/admin/route-integrity.php:30
Stack trace:
#0 {main}
  thrown @ /home/shahkotp/public_html/admin/route-integrity.php:30
[2026-08-30T14:04:57+05:00] FATAL: Uncaught Error: Call to undefined function page_end() in /home/shahkotp/public_html/admin/doctor-online.php:31
Stack trace:
#0 {main}
  thrown @ /home/shahkotp/public_html/admin/doctor-online.php:31
[2026-08-30T14:05:07+05:00] FATAL: Uncaught Error: Call to undefined function page_end() in /home/shahkotp/public_html/admin/doctor-online.php:31
Stack trace:
#0 {main}
  thrown @ /home/shahkotp/public_html/admin/doctor-online.php:31
[2026-08-30T14:05:12+05:00] FATAL: Uncaught Error: Call to undefined function page_end() in /home/shahkotp/public_html/admin/doctor-online.php:31
Stack trace:
#0 {main}
  thrown @ /home/shahkotp/public_html/admin/doctor-online.php:31
[2026-08-30T14:05:19+05:00] FATAL: Uncaught Error: Call to undefined function page_end() in /home/shahkotp/public_html/admin/doctor-online.php:31
Stack trace:
#0 {main}
  thrown @ /home/shahkotp/public_html/admin/doctor-online.php:31
[2026-08-30T14:05:26+05:00] FATAL: Uncaught Error: Call to undefined function page_end() in /home/shahkotp/public_html/admin/doctor-online.php:31
Stack trace:
#0 {main}
  thrown @ /home/shahkotp/public_html/admin/doctor-online.php:31
[2026-08-30T14:05:28+05:00] FATAL: Uncaught Error: Call to undefined function page_end() in /home/shahkotp/public_html/admin/doctor-online.php:31
Stack trace:
#0 {main}
  thrown @ /home/shahkotp/public_html/admin/doctor-online.php:31
[2026-08-30T14:05:29+05:00] FATAL: Uncaught Error: Call to undefined function page_end() in /home/shahkotp/public_html/admin/doctor-online.php:31
Stack trace:
#0 {main}
  thrown @ /home/shahkotp/public_html/admin/doctor-online.php:31
[2026-08-30T14:10:18+05:00] FATAL: Uncaught Error: Call to undefined function page_end() in /home/shahkotp/public_html/admin/ai.php:96
Stack trace:
#0 {main}
  thrown @ /home/shahkotp/public_html/admin/ai.php:96
[2026-08-30T14:10:34+05:00] FATAL: Uncaught Error: Call to undefined function page_end() in /home/shahkotp/public_html/admin/ai.php:96
Stack trace:
#0 {main}
  thrown @ /home/shahkotp/public_html/admin/ai.php:96
[2026-08-30T14:10:36+05:00] FATAL: Uncaught Error: Call to undefined function page_end() in /home/shahkotp/public_html/admin/ai.php:96
Stack trace:
#0 {main}
  thrown @ /home/shahkotp/public_html/admin/ai.php:96
[2026-08-30T14:10:37+05:00] FATAL: Uncaught Error: Call to undefined function page_end() in /home/shahkotp/public_html/admin/ai.php:96
Stack trace:
#0 {main}
  thrown @ /home/shahkotp/public_html/admin/ai.php:96
[2026-08-30T14:10:47+05:00] FATAL: Uncaught Error: Call to undefined function page_end() in /home/shahkotp/public_html/admin/ai.php:96
Stack trace:
#0 {main}
  thrown @ /home/shahkotp/public_html/admin/ai.php:96
[2026-08-30T14:10:49+05:00] FATAL: Uncaught Error: Call to undefined function page_end() in /home/shahkotp/public_html/admin/ai.php:96
Stack trace:
#0 {main}
  thrown @ /home/shahkotp/public_html/admin/ai.php:96
[2026-08-30T14:10:52+05:00] FATAL: Uncaught Error: Call to undefined function page_end() in /home/shahkotp/public_html/admin/ai.php:96
Stack trace:
#0 {main}
  thrown @ /home/shahkotp/public_html/admin/ai.php:96
[2026-08-30T14:10:54+05:00] FATAL: Uncaught Error: Call to undefined function page_end() in /home/shahkotp/public_html/admin/ai.php:96
Stack trace:
#0 {main}
  thrown @ /home/shahkotp/public_html/admin/ai.php:96
[2026-08-30T14:11:02+05:00] FATAL: Uncaught Error: Call to undefined function page_end() in /home/shahkotp/public_html/admin/ai.php:96
Stack trace:
#0 {main}
  thrown @ /home/shahkotp/public_html/admin/ai.php:96
[2026-08-30T14:11:08+05:00] FATAL: Uncaught Error: Call to undefined function page_end() in /home/shahkotp/public_html/admin/ai.php:96
Stack trace:
#0 {main}
  thrown @ /home/shahkotp/public_html/admin/ai.php:96
[2026-08-30T14:11:11+05:00] FATAL: Uncaught Error: Call to undefined function page_end() in /home/shahkotp/public_html/admin/ai.php:96
Stack trace:
#0 {main}
  thrown @ /home/shahkotp/public_html/admin/ai.php:96
[2026-08-30T14:48:09+05:00] FATAL: Uncaught Error: Call to undefined function page_end() in /home/shahkotp/public_html/admin/blood-bank.php:33
Stack trace:
#0 {main}
  thrown @ /home/shahkotp/public_html/admin/blood-bank.php:33
[2026-08-30T16:25:32+05:00] FATAL: Uncaught PDOException: SQLSTATE[42S22]: Column not found: 1054 Unknown column 'd.budget' in 'SELECT' in /home/shahkotp/public_html/ad-click.php:4
Stack trace:
#0 /home/shahkotp/public_html/ad-click.php(4): PDO->prepare()
#1 {main}
  thrown @ /home/shahkotp/public_html/ad-click.php:4
[2026-08-30T17:19:38+05:00] FATAL: Uncaught Error: Call to undefined function page_end() in /home/shahkotp/public_html/admin/public-seo-routing.php:29
Stack trace:
#0 {main}
  thrown @ /home/shahkotp/public_html/admin/public-seo-routing.php:29
[2026-08-30T17:19:39+05:00] FATAL: Uncaught Error: Call to undefined function page_end() in /home/shahkotp/public_html/admin/public-seo-routing.php:29
Stack trace:
#0 {main}
  thrown @ /home/shahkotp/public_html/admin/public-seo-routing.php:29
[2026-08-30T17:21:24+05:00] FATAL: Uncaught Error: Call to undefined function page_end() in /home/shahkotp/public_html/admin/background-integrity.php:30
Stack trace:
#0 {main}
  thrown @ /home/shahkotp/public_html/admin/background-integrity.php:30
[2026-08-30T17:21:26+05:00] FATAL: Uncaught Error: Call to undefined function page_end() in /home/shahkotp/public_html/admin/background-integrity.php:30
Stack trace:
#0 {main}
  thrown @ /home/shahkotp/public_html/admin/background-integrity.php:30
[2026-08-30T17:40:20+05:00] FATAL: Uncaught Error: Call to undefined function page_end() in /home/shahkotp/public_html/admin/public-seo-routing.php:29
Stack trace:
#0 {main}
  thrown @ /home/shahkotp/public_html/admin/public-seo-routing.php:29
[2026-08-30T17:54:29+05:00] FATAL: Uncaught Error: Call to undefined function page_end() in /home/shahkotp/public_html/admin/public-seo-routing.php:29
Stack trace:
#0 {main}
  thrown @ /home/shahkotp/public_html/admin/public-seo-routing.php:29
[2026-08-30T17:54:34+05:00] FATAL: Uncaught Error: Call to undefined function page_end() in /home/shahkotp/public_html/admin/public-seo-routing.php:29
Stack trace:
#0 {main}
  thrown @ /home/shahkotp/public_html/admin/public-seo-routing.php:29
[2026-08-30T18:00:28+05:00] FATAL: Uncaught Error: Call to undefined function page_end() in /home/shahkotp/public_html/admin/background-integrity.php:30
Stack trace:
#0 {main}
  thrown @ /home/shahkotp/public_html/admin/background-integrity.php:30
[2026-08-30T18:00:35+05:00] FATAL: Uncaught Error: Call to undefined function page_end() in /home/shahkotp/public_html/admin/background-integrity.php:30
Stack trace:
#0 {main}
  thrown @ /home/shahkotp/public_html/admin/background-integrity.php:30
[2026-08-30T18:01:14+05:00] FATAL: Uncaught Error: Call to undefined function page_end() in /home/shahkotp/public_html/admin/public-seo-routing.php:29
Stack trace:
#0 {main}
  thrown @ /home/shahkotp/public_html/admin/public-seo-routing.php:29
[2026-08-30T13:05:34+00:00] FATAL: Uncaught TypeError: current_tenant(): Return value must be of type ?array, bool returned in /home/shahkotp/public_html/app/tenancy_v5.php:27
Stack trace:
#0 /home/shahkotp/public_html/app/tenancy_v5.php(37): current_tenant()
#1 /home/shahkotp/public_html/app/settings.php(372): tenant_brand()
#2 /home/shahkotp/public_html/app/bootstrap.php(103): setting()
#3 /home/shahkotp/public_html/index.php(2): require('/home/shahkotp/...')
#4 {main}
  thrown @ /home/shahkotp/public_html/app/tenancy_v5.php:27
[2026-08-30T18:07:32+05:00] FATAL: Uncaught TypeError: has_permission(): Argument #1 ($permission) must be of type string, null given, called in /home/shahkotp/public_html/admin/growth.php on line 108 and defined in /home/shahkotp/public_html/app/permissions.php:219
Stack trace:
#0 /home/shahkotp/public_html/admin/growth.php(108): has_permission()
#1 /home/shahkotp/public_html/admin/whatsapp.php(3): require('/home/shahkotp/...')
#2 {main}
  thrown @ /home/shahkotp/public_html/app/permissions.php:219
[2026-08-30T18:07:42+05:00] FATAL: Uncaught Error: Call to undefined function page_end() in /home/shahkotp/public_html/admin/location-discovery.php:30
Stack trace:
#0 {main}
  thrown @ /home/shahkotp/public_html/admin/location-discovery.php:30
[2026-08-30T18:13:11+05:00] FATAL: Uncaught PDOException: SQLSTATE[42S22]: Column not found: 1054 Unknown column 'd.budget' in 'SELECT' in /home/shahkotp/public_html/ad-click.php:4
Stack trace:
#0 /home/shahkotp/public_html/ad-click.php(4): PDO->prepare()
#1 {main}
  thrown @ /home/shahkotp/public_html/ad-click.php:4
[2026-08-30T18:13:14+05:00] FATAL: Uncaught PDOException: SQLSTATE[42S22]: Column not found: 1054 Unknown column 'd.budget' in 'SELECT' in /home/shahkotp/public_html/ad-click.php:4
Stack trace:
#0 /home/shahkotp/public_html/ad-click.php(4): PDO->prepare()
#1 {main}
  thrown @ /home/shahkotp/public_html/ad-click.php:4
[2026-08-30T18:13:20+05:00] FATAL: Uncaught PDOException: SQLSTATE[42S22]: Column not found: 1054 Unknown column 'd.budget' in 'SELECT' in /home/shahkotp/public_html/ad-click.php:4
Stack trace:
#0 /home/shahkotp/public_html/ad-click.php(4): PDO->prepare()
#1 {main}
  thrown @ /home/shahkotp/public_html/ad-click.php:4
[2026-08-30T18:21:03+05:00] FATAL: Uncaught Error: Call to undefined function spn1100_core_routes() in /home/shahkotp/public_html/admin/landing-menu.php:2
Stack trace:
#0 {main}
  thrown @ /home/shahkotp/public_html/admin/landing-menu.php:2
[2026-08-30T18:21:10+05:00] FATAL: Uncaught Error: Call to undefined function spn1100_core_routes() in /home/shahkotp/public_html/admin/landing-menu.php:2
Stack trace:
#0 {main}
  thrown @ /home/shahkotp/public_html/admin/landing-menu.php:2
[2026-08-30T18:55:36+05:00] Request activity logger failed | PDOException: SQLSTATE[HY000]: General error: 2014 Cannot execute queries while other unbuffered queries are active.  Consider using PDOStatement::fetchAll().  Alternatively, if your code is only ever going to run against mysql, you may enable query buffering by setting the PDO::MYSQL_ATTR_USE_BUFFERED_QUERY attribute. @ /home/shahkotp/public_html/app/activity_log.php:105
[2026-08-30T19:16:33+05:00] FATAL: Uncaught TypeError: blog_title(): Argument #2 ($lang) must be of type string, null given, called in /home/shahkotp/public_html/blog.php on line 5 and defined in /home/shahkotp/public_html/app/blog.php:25
Stack trace:
#0 /home/shahkotp/public_html/blog.php(5): blog_title()
#1 {main}
  thrown @ /home/shahkotp/public_html/app/blog.php:25
[2026-08-30T19:29:41+05:00] FATAL: Uncaught TypeError: has_permission(): Argument #1 ($permission) must be of type string, null given, called in /home/shahkotp/public_html/admin/growth.php on line 108 and defined in /home/shahkotp/public_html/app/permissions.php:219
Stack trace:
#0 /home/shahkotp/public_html/admin/growth.php(108): has_permission()
#1 /home/shahkotp/public_html/admin/classifieds.php(3): require('/home/shahkotp/...')
#2 {main}
  thrown @ /home/shahkotp/public_html/app/permissions.php:219
[2026-08-30T21:47:14+05:00] FATAL: Uncaught TypeError: blog_title(): Argument #2 ($lang) must be of type string, null given, called in /home/shahkotp/public_html/blog.php on line 7 and defined in /home/shahkotp/public_html/app/blog.php:25
Stack trace:
#0 /home/shahkotp/public_html/blog.php(7): blog_title()
#1 {main}
  thrown @ /home/shahkotp/public_html/app/blog.php:25
[2026-08-30T21:49:28+05:00] Request activity logger failed | PDOException: SQLSTATE[HY000]: General error: 2006 MySQL server has gone away @ /home/shahkotp/public_html/app/activity_log.php:105
[2026-08-30T21:55:45+05:00] FATAL: Uncaught TypeError: blog_title(): Argument #2 ($lang) must be of type string, null given, called in /home/shahkotp/public_html/blog.php on line 5 and defined in /home/shahkotp/public_html/app/blog.php:25
Stack trace:
#0 /home/shahkotp/public_html/blog.php(5): blog_title()
#1 {main}
  thrown @ /home/shahkotp/public_html/app/blog.php:25
[2026-08-31T00:05:11+05:00] FATAL: Uncaught TypeError: blog_title(): Argument #2 ($lang) must be of type string, null given, called in /home/shahkotp/public_html/blog.php on line 7 and defined in /home/shahkotp/public_html/app/blog.php:25
Stack trace:
#0 /home/shahkotp/public_html/blog.php(7): blog_title()
#1 {main}
  thrown @ /home/shahkotp/public_html/app/blog.php:25
[2026-08-31T00:27:02+05:00] FATAL: Uncaught Error: Call to undefined function page_end() in /home/shahkotp/public_html/admin/lms.php:18
Stack trace:
#0 {main}
  thrown @ /home/shahkotp/public_html/admin/lms.php:18
[2026-08-31T00:34:36+05:00] FATAL: Uncaught Error: Call to undefined function page_end() in /home/shahkotp/public_html/admin/lms-people.php:12
Stack trace:
#0 {main}
  thrown @ /home/shahkotp/public_html/admin/lms-people.php:12
[2026-08-31T00:35:34+05:00] FATAL: Uncaught Error: Call to undefined function page_end() in /home/shahkotp/public_html/admin/smart-city.php:24
Stack trace:
#0 {main}
  thrown @ /home/shahkotp/public_html/admin/smart-city.php:24
[2026-08-31T00:35:52+05:00] FATAL: Uncaught Error: Call to undefined function page_end() in /home/shahkotp/public_html/admin/smart-city.php:24
Stack trace:
#0 {main}
  thrown @ /home/shahkotp/public_html/admin/smart-city.php:24
[2026-08-31T00:41:06+05:00] FATAL: Uncaught PDOException: SQLSTATE[42S22]: Column not found: 1054 Unknown column 'c' in 'SELECT' in /home/shahkotp/public_html/app/classifieds_v1370.php:40
Stack trace:
#0 /home/shahkotp/public_html/app/classifieds_v1370.php(40): PDO->prepare()
#1 /home/shahkotp/public_html/classified-messages.php(2): sk1370_conversations()
#2 {main}
  thrown @ /home/shahkotp/public_html/app/classifieds_v1370.php:40
[2026-08-31T00:50:39+05:00] FATAL: Uncaught Error: Call to undefined function page_end() in /home/shahkotp/public_html/admin/classifieds-settings.php:2
Stack trace:
#0 {main}
  thrown @ /home/shahkotp/public_html/admin/classifieds-settings.php:2
[2026-08-31T00:50:52+05:00] FATAL: Uncaught Error: Call to undefined function page_end() in /home/shahkotp/public_html/admin/classifieds-settings.php:2
Stack trace:
#0 {main}
  thrown @ /home/shahkotp/public_html/admin/classifieds-settings.php:2
[2026-08-31T00:51:31+05:00] FATAL: Uncaught PDOException: SQLSTATE[42S22]: Column not found: 1054 Unknown column 'r' in 'SELECT' in /home/shahkotp/public_html/admin/classifieds.php:2
Stack trace:
#0 /home/shahkotp/public_html/admin/classifieds.php(2): PDO->prepare()
#1 {main}
  thrown @ /home/shahkotp/public_html/admin/classifieds.php:2
[2026-08-31T00:56:58+05:00] FATAL: Uncaught PDOException: SQLSTATE[42S22]: Column not found: 1054 Unknown column 'r' in 'SELECT' in /home/shahkotp/public_html/admin/classifieds.php:2
Stack trace:
#0 /home/shahkotp/public_html/admin/classifieds.php(2): PDO->prepare()
#1 {main}
  thrown @ /home/shahkotp/public_html/admin/classifieds.php:2
[2026-08-31T00:57:33+05:00] FATAL: Uncaught PDOException: SQLSTATE[42S22]: Column not found: 1054 Unknown column 'r' in 'SELECT' in /home/shahkotp/public_html/admin/classifieds.php:2
Stack trace:
#0 /home/shahkotp/public_html/admin/classifieds.php(2): PDO->prepare()
#1 {main}
  thrown @ /home/shahkotp/public_html/admin/classifieds.php:2
[2026-08-31T00:57:39+05:00] FATAL: Uncaught TypeError: has_permission(): Argument #1 ($permission) must be of type string, null given, called in /home/shahkotp/public_html/admin/growth.php on line 108 and defined in /home/shahkotp/public_html/app/permissions.php:219
Stack trace:
#0 /home/shahkotp/public_html/admin/growth.php(108): has_permission()
#1 /home/shahkotp/public_html/admin/services.php(3): require('/home/shahkotp/...')
#2 {main}
  thrown @ /home/shahkotp/public_html/app/permissions.php:219
[2026-08-31T00:57:55+05:00] FATAL: Uncaught PDOException: SQLSTATE[42S22]: Column not found: 1054 Unknown column 'r' in 'SELECT' in /home/shahkotp/public_html/admin/classifieds.php:2
Stack trace:
#0 /home/shahkotp/public_html/admin/classifieds.php(2): PDO->prepare()
#1 {main}
  thrown @ /home/shahkotp/public_html/admin/classifieds.php:2
[2026-08-31T00:58:15+05:00] FATAL: Uncaught TypeError: has_permission(): Argument #1 ($permission) must be of type string, null given, called in /home/shahkotp/public_html/admin/growth.php on line 108 and defined in /home/shahkotp/public_html/app/permissions.php:219
Stack trace:
#0 /home/shahkotp/public_html/admin/growth.php(108): has_permission()
#1 /home/shahkotp/public_html/admin/services.php(3): require('/home/shahkotp/...')
#2 {main}
  thrown @ /home/shahkotp/public_html/app/permissions.php:219
[2026-08-31T00:58:47+05:00] FATAL: Uncaught Error: Call to undefined function page_end() in /home/shahkotp/public_html/admin/lms-people.php:12
Stack trace:
#0 {main}
  thrown @ /home/shahkotp/public_html/admin/lms-people.php:12
[2026-08-31T00:59:49+05:00] FATAL: Uncaught TypeError: has_permission(): Argument #1 ($permission) must be of type string, null given, called in /home/shahkotp/public_html/admin/growth.php on line 108 and defined in /home/shahkotp/public_html/app/permissions.php:219
Stack trace:
#0 /home/shahkotp/public_html/admin/growth.php(108): has_permission()
#1 /home/shahkotp/public_html/admin/services.php(3): require('/home/shahkotp/...')
#2 {main}
  thrown @ /home/shahkotp/public_html/app/permissions.php:219
[2026-08-31T01:01:49+05:00] FATAL: Uncaught Error: Call to undefined function page_end() in /home/shahkotp/public_html/admin/classifieds-settings.php:2
Stack trace:
#0 {main}
  thrown @ /home/shahkotp/public_html/admin/classifieds-settings.php:2
[2026-08-31T01:02:08+05:00] FATAL: Uncaught PDOException: SQLSTATE[42S22]: Column not found: 1054 Unknown column 'r' in 'SELECT' in /home/shahkotp/public_html/admin/classifieds.php:2
Stack trace:
#0 /home/shahkotp/public_html/admin/classifieds.php(2): PDO->prepare()
#1 {main}
  thrown @ /home/shahkotp/public_html/admin/classifieds.php:2
[2026-08-31T01:05:05+05:00] FATAL: Uncaught PDOException: SQLSTATE[42S22]: Column not found: 1054 Unknown column 'r' in 'SELECT' in /home/shahkotp/public_html/my-services.php:2
Stack trace:
#0 /home/shahkotp/public_html/my-services.php(2): PDO->prepare()
#1 {main}
  thrown @ /home/shahkotp/public_html/my-services.php:2
[2026-08-31T01:06:52+05:00] FATAL: Uncaught PDOException: SQLSTATE[42S22]: Column not found: 1054 Unknown column 'o' in 'SELECT' in /home/shahkotp/public_html/admin/services.php:2
Stack trace:
#0 /home/shahkotp/public_html/admin/services.php(2): PDO->prepare()
#1 {main}
  thrown @ /home/shahkotp/public_html/admin/services.php:2
[2026-08-31T01:07:57+05:00] FATAL: Uncaught Error: Call to undefined function page_end() in /home/shahkotp/public_html/admin/classifieds.php:2
Stack trace:
#0 {main}
  thrown @ /home/shahkotp/public_html/admin/classifieds.php:2
[2026-08-31T01:08:08+05:00] FATAL: Uncaught PDOException: SQLSTATE[42S22]: Column not found: 1054 Unknown column 'o' in 'SELECT' in /home/shahkotp/public_html/admin/services.php:2
Stack trace:
#0 /home/shahkotp/public_html/admin/services.php(2): PDO->prepare()
#1 {main}
  thrown @ /home/shahkotp/public_html/admin/services.php:2
[2026-08-31T01:14:55+05:00] FATAL: Uncaught TypeError: has_permission(): Argument #1 ($permission) must be of type string, null given, called in /home/shahkotp/public_html/admin/growth.php on line 108 and defined in /home/shahkotp/public_html/app/permissions.php:219
Stack trace:
#0 /home/shahkotp/public_html/admin/growth.php(108): has_permission()
#1 /home/shahkotp/public_html/admin/seo.php(3): require('/home/shahkotp/...')
#2 {main}
  thrown @ /home/shahkotp/public_html/app/permissions.php:219
[2026-08-31T01:15:35+05:00] FATAL: Uncaught Error: Call to undefined function page_end() in /home/shahkotp/public_html/admin/property.php:21
Stack trace:
#0 {main}
  thrown @ /home/shahkotp/public_html/admin/property.php:21
[2026-08-31T01:15:41+05:00] FATAL: Uncaught Error: Call to undefined function page_end() in /home/shahkotp/public_html/admin/property.php:21
Stack trace:
#0 {main}
  thrown @ /home/shahkotp/public_html/admin/property.php:21
[2026-08-31T01:16:20+05:00] FATAL: Uncaught TypeError: has_permission(): Argument #1 ($permission) must be of type string, null given, called in /home/shahkotp/public_html/admin/growth.php on line 108 and defined in /home/shahkotp/public_html/app/permissions.php:219
Stack trace:
#0 /home/shahkotp/public_html/admin/growth.php(108): has_permission()
#1 /home/shahkotp/public_html/admin/restaurants.php(3): require('/home/shahkotp/...')
#2 {main}
  thrown @ /home/shahkotp/public_html/app/permissions.php:219
[2026-08-31T01:16:32+05:00] FATAL: Uncaught PDOException: SQLSTATE[42S22]: Column not found: 1054 Unknown column 'o' in 'SELECT' in /home/shahkotp/public_html/admin/services.php:2
Stack trace:
#0 /home/shahkotp/public_html/admin/services.php(2): PDO->prepare()
#1 {main}
  thrown @ /home/shahkotp/public_html/admin/services.php:2
[2026-08-31T01:24:15+05:00] FATAL: Uncaught TypeError: blog_title(): Argument #2 ($lang) must be of type string, null given, called in /home/shahkotp/public_html/blog.php on line 7 and defined in /home/shahkotp/public_html/app/blog.php:25
Stack trace:
#0 /home/shahkotp/public_html/blog.php(7): blog_title()
#1 {main}
  thrown @ /home/shahkotp/public_html/app/blog.php:25
[2026-08-31T01:29:52+05:00] FATAL: Uncaught TypeError: has_permission(): Argument #1 ($permission) must be of type string, null given, called in /home/shahkotp/public_html/admin/platform-v4.php on line 33 and defined in /home/shahkotp/public_html/app/permissions.php:219
Stack trace:
#0 /home/shahkotp/public_html/admin/platform-v4.php(33): has_permission()
#1 /home/shahkotp/public_html/admin/system-health.php(3): require('/home/shahkotp/...')
#2 {main}
  thrown @ /home/shahkotp/public_html/app/permissions.php:219
[2026-08-31T01:30:26+05:00] FATAL: Uncaught TypeError: has_permission(): Argument #1 ($permission) must be of type string, null given, called in /home/shahkotp/public_html/admin/platform-v4.php on line 33 and defined in /home/shahkotp/public_html/app/permissions.php:219
Stack trace:
#0 /home/shahkotp/public_html/admin/platform-v4.php(33): has_permission()
#1 /home/shahkotp/public_html/admin/system-health.php(3): require('/home/shahkotp/...')
#2 {main}
  thrown @ /home/shahkotp/public_html/app/permissions.php:219
[2026-08-31T01:33:54+05:00] FATAL: Uncaught TypeError: has_permission(): Argument #1 ($permission) must be of type string, null given, called in /home/shahkotp/public_html/admin/growth.php on line 108 and defined in /home/shahkotp/public_html/app/permissions.php:219
Stack trace:
#0 /home/shahkotp/public_html/admin/growth.php(108): has_permission()
#1 /home/shahkotp/public_html/admin/analytics.php(3): require('/home/shahkotp/...')
#2 {main}
  thrown @ /home/shahkotp/public_html/app/permissions.php:219
[2026-08-31T01:34:37+05:00] FATAL: Uncaught Error: Call to undefined function page_end() in /home/shahkotp/public_html/admin/background-integrity.php:30
Stack trace:
#0 {main}
  thrown @ /home/shahkotp/public_html/admin/background-integrity.php:30
[2026-08-31T03:49:47+05:00] FATAL: Uncaught TypeError: blog_title(): Argument #2 ($lang) must be of type string, null given, called in /home/shahkotp/public_html/blog.php on line 7 and defined in /home/shahkotp/public_html/app/blog.php:25
Stack trace:
#0 /home/shahkotp/public_html/blog.php(7): blog_title()
#1 {main}
  thrown @ /home/shahkotp/public_html/app/blog.php:25
[2026-08-31T07:01:04+05:00] FATAL: Uncaught TypeError: blog_title(): Argument #2 ($lang) must be of type string, null given, called in /home/shahkotp/public_html/blog.php on line 7 and defined in /home/shahkotp/public_html/app/blog.php:25
Stack trace:
#0 /home/shahkotp/public_html/blog.php(7): blog_title()
#1 {main}
  thrown @ /home/shahkotp/public_html/app/blog.php:25
[2026-08-31T08:43:42+05:00] FATAL: Uncaught TypeError: blog_title(): Argument #2 ($lang) must be of type string, null given, called in /home/shahkotp/public_html/blog.php on line 7 and defined in /home/shahkotp/public_html/app/blog.php:25
Stack trace:
#0 /home/shahkotp/public_html/blog.php(7): blog_title()
#1 {main}
  thrown @ /home/shahkotp/public_html/app/blog.php:25
[2026-08-31T09:25:25+05:00] FATAL: Uncaught PDOException: SQLSTATE[42S22]: Column not found: 1054 Unknown column 'd.budget' in 'SELECT' in /home/shahkotp/public_html/ad-click.php:4
Stack trace:
#0 /home/shahkotp/public_html/ad-click.php(4): PDO->prepare()
#1 {main}
  thrown @ /home/shahkotp/public_html/ad-click.php:4
[2026-08-31T09:32:55+05:00] FATAL: Uncaught TypeError: blog_title(): Argument #2 ($lang) must be of type string, null given, called in /home/shahkotp/public_html/blog.php on line 7 and defined in /home/shahkotp/public_html/app/blog.php:25
Stack trace:
#0 /home/shahkotp/public_html/blog.php(7): blog_title()
#1 {main}
  thrown @ /home/shahkotp/public_html/app/blog.php:25
[2026-08-31T11:21:13+05:00] FATAL: Uncaught TypeError: blog_title(): Argument #2 ($lang) must be of type string, null given, called in /home/shahkotp/public_html/blog.php on line 7 and defined in /home/shahkotp/public_html/app/blog.php:25
Stack trace:
#0 /home/shahkotp/public_html/blog.php(7): blog_title()
#1 {main}
  thrown @ /home/shahkotp/public_html/app/blog.php:25
[2026-08-31T14:08:15+05:00] FATAL: Uncaught TypeError: blog_title(): Argument #2 ($lang) must be of type string, null given, called in /home/shahkotp/public_html/blog.php on line 7 and defined in /home/shahkotp/public_html/app/blog.php:25
Stack trace:
#0 /home/shahkotp/public_html/blog.php(7): blog_title()
#1 {main}
  thrown @ /home/shahkotp/public_html/app/blog.php:25
[2026-08-31T14:08:32+05:00] FATAL: Uncaught TypeError: blog_title(): Argument #2 ($lang) must be of type string, null given, called in /home/shahkotp/public_html/blog.php on line 7 and defined in /home/shahkotp/public_html/app/blog.php:25
Stack trace:
#0 /home/shahkotp/public_html/blog.php(7): blog_title()
#1 {main}
  thrown @ /home/shahkotp/public_html/app/blog.php:25
[2026-08-31T14:08:38+05:00] FATAL: Uncaught TypeError: blog_title(): Argument #2 ($lang) must be of type string, null given, called in /home/shahkotp/public_html/blog.php on line 7 and defined in /home/shahkotp/public_html/app/blog.php:25
Stack trace:
#0 /home/shahkotp/public_html/blog.php(7): blog_title()
#1 {main}
  thrown @ /home/shahkotp/public_html/app/blog.php:25
[2026-08-31T14:08:50+05:00] FATAL: Uncaught PDOException: SQLSTATE[42S22]: Column not found: 1054 Unknown column 'd.budget' in 'SELECT' in /home/shahkotp/public_html/ad-click.php:4
Stack trace:
#0 /home/shahkotp/public_html/ad-click.php(4): PDO->prepare()
#1 {main}
  thrown @ /home/shahkotp/public_html/ad-click.php:4
[2026-08-31T14:17:55+05:00] FATAL: Uncaught TypeError: blog_title(): Argument #2 ($lang) must be of type string, null given, called in /home/shahkotp/public_html/blog.php on line 7 and defined in /home/shahkotp/public_html/app/blog.php:25
Stack trace:
#0 /home/shahkotp/public_html/blog.php(7): blog_title()
#1 {main}
  thrown @ /home/shahkotp/public_html/app/blog.php:25
[2026-08-31T14:18:51+05:00] FATAL: Uncaught TypeError: blog_title(): Argument #2 ($lang) must be of type string, null given, called in /home/shahkotp/public_html/blog.php on line 7 and defined in /home/shahkotp/public_html/app/blog.php:25
Stack trace:
#0 /home/shahkotp/public_html/blog.php(7): blog_title()
#1 {main}
  thrown @ /home/shahkotp/public_html/app/blog.php:25
[2026-08-31T14:42:45+05:00] FATAL: Uncaught TypeError: blog_title(): Argument #2 ($lang) must be of type string, null given, called in /home/shahkotp/public_html/blog.php on line 7 and defined in /home/shahkotp/public_html/app/blog.php:25
Stack trace:
#0 /home/shahkotp/public_html/blog.php(7): blog_title()
#1 {main}
  thrown @ /home/shahkotp/public_html/app/blog.php:25
[2026-08-31T16:58:13+05:00] FATAL: Uncaught PDOException: SQLSTATE[42S22]: Column not found: 1054 Unknown column 'd.budget' in 'SELECT' in /home/shahkotp/public_html/ad-click.php:4
Stack trace:
#0 /home/shahkotp/public_html/ad-click.php(4): PDO->prepare()
#1 {main}
  thrown @ /home/shahkotp/public_html/ad-click.php:4
[2026-08-31T17:36:13+05:00] FATAL: Uncaught TypeError: blog_title(): Argument #2 ($lang) must be of type string, null given, called in /home/shahkotp/public_html/blog.php on line 7 and defined in /home/shahkotp/public_html/app/blog.php:25
Stack trace:
#0 /home/shahkotp/public_html/blog.php(7): blog_title()
#1 {main}
  thrown @ /home/shahkotp/public_html/app/blog.php:25
[2026-08-31T17:37:18+05:00] FATAL: Uncaught TypeError: blog_title(): Argument #2 ($lang) must be of type string, null given, called in /home/shahkotp/public_html/blog.php on line 7 and defined in /home/shahkotp/public_html/app/blog.php:25
Stack trace:
#0 /home/shahkotp/public_html/blog.php(7): blog_title()
#1 {main}
  thrown @ /home/shahkotp/public_html/app/blog.php:25
[2026-08-31T17:42:14+05:00] FATAL: Uncaught TypeError: blog_title(): Argument #2 ($lang) must be of type string, null given, called in /home/shahkotp/public_html/blog.php on line 7 and defined in /home/shahkotp/public_html/app/blog.php:25
Stack trace:
#0 /home/shahkotp/public_html/blog.php(7): blog_title()
#1 {main}
  thrown @ /home/shahkotp/public_html/app/blog.php:25
[2026-08-31T18:12:52+05:00] FATAL: Uncaught TypeError: blog_title(): Argument #2 ($lang) must be of type string, null given, called in /home/shahkotp/public_html/blog.php on line 7 and defined in /home/shahkotp/public_html/app/blog.php:25
Stack trace:
#0 /home/shahkotp/public_html/blog.php(7): blog_title()
#1 {main}
  thrown @ /home/shahkotp/public_html/app/blog.php:25
[2026-08-31T21:55:10+05:00] FATAL: Uncaught TypeError: blog_title(): Argument #2 ($lang) must be of type string, null given, called in /home/shahkotp/public_html/blog.php on line 7 and defined in /home/shahkotp/public_html/app/blog.php:25
Stack trace:
#0 /home/shahkotp/public_html/blog.php(7): blog_title()
#1 {main}
  thrown @ /home/shahkotp/public_html/app/blog.php:25
[2026-08-31T21:56:36+05:00] FATAL: Uncaught TypeError: blog_title(): Argument #2 ($lang) must be of type string, null given, called in /home/shahkotp/public_html/blog.php on line 7 and defined in /home/shahkotp/public_html/app/blog.php:25
Stack trace:
#0 /home/shahkotp/public_html/blog.php(7): blog_title()
#1 {main}
  thrown @ /home/shahkotp/public_html/app/blog.php:25
[2026-08-31T22:08:40+05:00] FATAL: Uncaught TypeError: blog_title(): Argument #2 ($lang) must be of type string, null given, called in /home/shahkotp/public_html/blog.php on line 7 and defined in /home/shahkotp/public_html/app/blog.php:25
Stack trace:
#0 /home/shahkotp/public_html/blog.php(7): blog_title()
#1 {main}
  thrown @ /home/shahkotp/public_html/app/blog.php:25
[2026-08-31T23:07:58+05:00] FATAL: Uncaught PDOException: SQLSTATE[42S22]: Column not found: 1054 Unknown column 'd.budget' in 'SELECT' in /home/shahkotp/public_html/ad-click.php:4
Stack trace:
#0 /home/shahkotp/public_html/ad-click.php(4): PDO->prepare()
#1 {main}
  thrown @ /home/shahkotp/public_html/ad-click.php:4
[2026-09-01T04:25:30+05:00] FATAL: Uncaught TypeError: blog_title(): Argument #2 ($lang) must be of type string, null given, called in /home/shahkotp/public_html/blog.php on line 7 and defined in /home/shahkotp/public_html/app/blog.php:25
Stack trace:
#0 /home/shahkotp/public_html/blog.php(7): blog_title()
#1 {main}
  thrown @ /home/shahkotp/public_html/app/blog.php:25
[2026-09-01T04:31:30+05:00] FATAL: Uncaught TypeError: blog_title(): Argument #2 ($lang) must be of type string, null given, called in /home/shahkotp/public_html/blog.php on line 7 and defined in /home/shahkotp/public_html/app/blog.php:25
Stack trace:
#0 /home/shahkotp/public_html/blog.php(7): blog_title()
#1 {main}
  thrown @ /home/shahkotp/public_html/app/blog.php:25
[2026-09-01T05:01:09+05:00] FATAL: Uncaught TypeError: blog_title(): Argument #2 ($lang) must be of type string, null given, called in /home/shahkotp/public_html/blog.php on line 7 and defined in /home/shahkotp/public_html/app/blog.php:25
Stack trace:
#0 /home/shahkotp/public_html/blog.php(7): blog_title()
#1 {main}
  thrown @ /home/shahkotp/public_html/app/blog.php:25
[2026-09-01T05:07:51+05:00] FATAL: Uncaught TypeError: blog_title(): Argument #2 ($lang) must be of type string, null given, called in /home/shahkotp/public_html/blog.php on line 7 and defined in /home/shahkotp/public_html/app/blog.php:25
Stack trace:
#0 /home/shahkotp/public_html/blog.php(7): blog_title()
#1 {main}
  thrown @ /home/shahkotp/public_html/app/blog.php:25
[2026-09-01T06:08:10+05:00] FATAL: Uncaught PDOException: SQLSTATE[42S22]: Column not found: 1054 Unknown column 'd.budget' in 'SELECT' in /home/shahkotp/public_html/ad-click.php:4
Stack trace:
#0 /home/shahkotp/public_html/ad-click.php(4): PDO->prepare()
#1 {main}
  thrown @ /home/shahkotp/public_html/ad-click.php:4
[2026-09-01T09:29:46+05:00] FATAL: Uncaught TypeError: blog_title(): Argument #2 ($lang) must be of type string, null given, called in /home/shahkotp/public_html/blog.php on line 7 and defined in /home/shahkotp/public_html/app/blog.php:25
Stack trace:
#0 /home/shahkotp/public_html/blog.php(7): blog_title()
#1 {main}
  thrown @ /home/shahkotp/public_html/app/blog.php:25
[2026-09-01T05:11:51+00:00] FATAL: Uncaught TypeError: current_tenant(): Return value must be of type ?array, bool returned in /home/shahkotp/public_html/app/tenancy_v5.php:27
Stack trace:
#0 /home/shahkotp/public_html/app/tenancy_v5.php(37): current_tenant()
#1 /home/shahkotp/public_html/app/settings.php(372): tenant_brand()
#2 /home/shahkotp/public_html/app/bootstrap.php(103): setting()
#3 /home/shahkotp/public_html/index.php(2): require('/home/shahkotp/...')
#4 {main}
  thrown @ /home/shahkotp/public_html/app/tenancy_v5.php:27
[2026-09-01T05:11:53+00:00] FATAL: Uncaught TypeError: current_tenant(): Return value must be of type ?array, bool returned in /home/shahkotp/public_html/app/tenancy_v5.php:27
Stack trace:
#0 /home/shahkotp/public_html/app/tenancy_v5.php(37): current_tenant()
#1 /home/shahkotp/public_html/app/settings.php(372): tenant_brand()
#2 /home/shahkotp/public_html/app/bootstrap.php(103): setting()
#3 /home/shahkotp/public_html/index.php(2): require('/home/shahkotp/...')
#4 {main}
  thrown @ /home/shahkotp/public_html/app/tenancy_v5.php:27
[2026-09-01T05:11:54+00:00] FATAL: Uncaught TypeError: current_tenant(): Return value must be of type ?array, bool returned in /home/shahkotp/public_html/app/tenancy_v5.php:27
Stack trace:
#0 /home/shahkotp/public_html/app/tenancy_v5.php(37): current_tenant()
#1 /home/shahkotp/public_html/app/settings.php(372): tenant_brand()
#2 /home/shahkotp/public_html/app/bootstrap.php(103): setting()
#3 /home/shahkotp/public_html/index.php(2): require('/home/shahkotp/...')
#4 {main}
  thrown @ /home/shahkotp/public_html/app/tenancy_v5.php:27
[2026-09-01T05:12:11+00:00] FATAL: Uncaught TypeError: current_tenant(): Return value must be of type ?array, bool returned in /home/shahkotp/public_html/app/tenancy_v5.php:27
Stack trace:
#0 /home/shahkotp/public_html/app/tenancy_v5.php(37): current_tenant()
#1 /home/shahkotp/public_html/app/settings.php(372): tenant_brand()
#2 /home/shahkotp/public_html/app/bootstrap.php(103): setting()
#3 /home/shahkotp/public_html/index.php(2): require('/home/shahkotp/...')
#4 {main}
  thrown @ /home/shahkotp/public_html/app/tenancy_v5.php:27
[2026-09-01T05:12:13+00:00] FATAL: Uncaught TypeError: current_tenant(): Return value must be of type ?array, bool returned in /home/shahkotp/public_html/app/tenancy_v5.php:27
Stack trace:
#0 /home/shahkotp/public_html/app/tenancy_v5.php(37): current_tenant()
#1 /home/shahkotp/public_html/app/settings.php(372): tenant_brand()
#2 /home/shahkotp/public_html/app/bootstrap.php(103): setting()
#3 /home/shahkotp/public_html/index.php(2): require('/home/shahkotp/...')
#4 {main}
  thrown @ /home/shahkotp/public_html/app/tenancy_v5.php:27
[2026-09-01T05:12:14+00:00] FATAL: Uncaught TypeError: current_tenant(): Return value must be of type ?array, bool returned in /home/shahkotp/public_html/app/tenancy_v5.php:27
Stack trace:
#0 /home/shahkotp/public_html/app/tenancy_v5.php(37): current_tenant()
#1 /home/shahkotp/public_html/app/settings.php(372): tenant_brand()
#2 /home/shahkotp/public_html/app/bootstrap.php(103): setting()
#3 /home/shahkotp/public_html/index.php(2): require('/home/shahkotp/...')
#4 {main}
  thrown @ /home/shahkotp/public_html/app/tenancy_v5.php:27
[2026-09-01T05:12:15+00:00] FATAL: Uncaught TypeError: current_tenant(): Return value must be of type ?array, bool returned in /home/shahkotp/public_html/app/tenancy_v5.php:27
Stack trace:
#0 /home/shahkotp/public_html/app/tenancy_v5.php(37): current_tenant()
#1 /home/shahkotp/public_html/app/settings.php(372): tenant_brand()
#2 /home/shahkotp/public_html/app/bootstrap.php(103): setting()
#3 /home/shahkotp/public_html/index.php(2): require('/home/shahkotp/...')
#4 {main}
  thrown @ /home/shahkotp/public_html/app/tenancy_v5.php:27
[2026-09-01T10:25:32+05:00] FATAL: Uncaught TypeError: blog_title(): Argument #2 ($lang) must be of type string, null given, called in /home/shahkotp/public_html/blog.php on line 7 and defined in /home/shahkotp/public_html/app/blog.php:25
Stack trace:
#0 /home/shahkotp/public_html/blog.php(7): blog_title()
#1 {main}
  thrown @ /home/shahkotp/public_html/app/blog.php:25
[2026-09-01T11:57:11+05:00] FATAL: Uncaught TypeError: blog_title(): Argument #2 ($lang) must be of type string, null given, called in /home/shahkotp/public_html/blog.php on line 7 and defined in /home/shahkotp/public_html/app/blog.php:25
Stack trace:
#0 /home/shahkotp/public_html/blog.php(7): blog_title()
#1 {main}
  thrown @ /home/shahkotp/public_html/app/blog.php:25
[2026-09-01T12:02:38+05:00] FATAL: Uncaught TypeError: blog_title(): Argument #2 ($lang) must be of type string, null given, called in /home/shahkotp/public_html/blog.php on line 7 and defined in /home/shahkotp/public_html/app/blog.php:25
Stack trace:
#0 /home/shahkotp/public_html/blog.php(7): blog_title()
#1 {main}
  thrown @ /home/shahkotp/public_html/app/blog.php:25
[2026-09-01T12:36:55+05:00] FATAL: Uncaught TypeError: blog_title(): Argument #2 ($lang) must be of type string, null given, called in /home/shahkotp/public_html/blog.php on line 7 and defined in /home/shahkotp/public_html/app/blog.php:25
Stack trace:
#0 /home/shahkotp/public_html/blog.php(7): blog_title()
#1 {main}
  thrown @ /home/shahkotp/public_html/app/blog.php:25
[2026-09-01T13:28:49+05:00] FATAL: Uncaught TypeError: blog_title(): Argument #2 ($lang) must be of type string, null given, called in /home/shahkotp/public_html/blog.php on line 7 and defined in /home/shahkotp/public_html/app/blog.php:25
Stack trace:
#0 /home/shahkotp/public_html/blog.php(7): blog_title()
#1 {main}
  thrown @ /home/shahkotp/public_html/app/blog.php:25
[2026-09-01T13:52:48+05:00] FATAL: Uncaught PDOException: SQLSTATE[42S22]: Column not found: 1054 Unknown column 'd.budget' in 'SELECT' in /home/shahkotp/public_html/ad-click.php:4
Stack trace:
#0 /home/shahkotp/public_html/ad-click.php(4): PDO->prepare()
#1 {main}
  thrown @ /home/shahkotp/public_html/ad-click.php:4
[2026-09-01T14:03:35+05:00] FATAL: Uncaught TypeError: blog_title(): Argument #2 ($lang) must be of type string, null given, called in /home/shahkotp/public_html/blog.php on line 7 and defined in /home/shahkotp/public_html/app/blog.php:25
Stack trace:
#0 /home/shahkotp/public_html/blog.php(7): blog_title()
#1 {main}
  thrown @ /home/shahkotp/public_html/app/blog.php:25
[2026-09-01T15:38:55+05:00] FATAL: Uncaught TypeError: blog_title(): Argument #2 ($lang) must be of type string, null given, called in /home/shahkotp/public_html/blog.php on line 7 and defined in /home/shahkotp/public_html/app/blog.php:25
Stack trace:
#0 /home/shahkotp/public_html/blog.php(7): blog_title()
#1 {main}
  thrown @ /home/shahkotp/public_html/app/blog.php:25
[2026-09-01T16:01:45+05:00] FATAL: Uncaught TypeError: blog_title(): Argument #2 ($lang) must be of type string, null given, called in /home/shahkotp/public_html/blog.php on line 7 and defined in /home/shahkotp/public_html/app/blog.php:25
Stack trace:
#0 /home/shahkotp/public_html/blog.php(7): blog_title()
#1 {main}
  thrown @ /home/shahkotp/public_html/app/blog.php:25
[2026-09-01T16:55:48+05:00] FATAL: Uncaught PDOException: SQLSTATE[42S22]: Column not found: 1054 Unknown column 'd.budget' in 'SELECT' in /home/shahkotp/public_html/ad-click.php:4
Stack trace:
#0 /home/shahkotp/public_html/ad-click.php(4): PDO->prepare()
#1 {main}
  thrown @ /home/shahkotp/public_html/ad-click.php:4
[2026-09-01T19:54:19+05:00] FATAL: Uncaught TypeError: blog_title(): Argument #2 ($lang) must be of type string, null given, called in /home/shahkotp/public_html/blog.php on line 7 and defined in /home/shahkotp/public_html/app/blog.php:25
Stack trace:
#0 /home/shahkotp/public_html/blog.php(7): blog_title()
#1 {main}
  thrown @ /home/shahkotp/public_html/app/blog.php:25
[2026-09-01T22:05:32+05:00] Request activity logger failed | PDOException: SQLSTATE[HY000]: General error: 2014 Cannot execute queries while other unbuffered queries are active.  Consider using PDOStatement::fetchAll().  Alternatively, if your code is only ever going to run against mysql, you may enable query buffering by setting the PDO::MYSQL_ATTR_USE_BUFFERED_QUERY attribute. @ /home/shahkotp/public_html/app/activity_log.php:105
[2026-09-01T22:13:12+05:00] FATAL: Uncaught TypeError: blog_title(): Argument #2 ($lang) must be of type string, null given, called in /home/shahkotp/public_html/blog.php on line 7 and defined in /home/shahkotp/public_html/app/blog.php:25
Stack trace:
#0 /home/shahkotp/public_html/blog.php(7): blog_title()
#1 {main}
  thrown @ /home/shahkotp/public_html/app/blog.php:25
[2026-09-01T22:19:51+05:00] FATAL: Uncaught TypeError: blog_title(): Argument #2 ($lang) must be of type string, null given, called in /home/shahkotp/public_html/blog.php on line 7 and defined in /home/shahkotp/public_html/app/blog.php:25
Stack trace:
#0 /home/shahkotp/public_html/blog.php(7): blog_title()
#1 {main}
  thrown @ /home/shahkotp/public_html/app/blog.php:25
[2026-09-01T22:39:52+05:00] FATAL: Uncaught TypeError: blog_title(): Argument #2 ($lang) must be of type string, null given, called in /home/shahkotp/public_html/blog.php on line 7 and defined in /home/shahkotp/public_html/app/blog.php:25
Stack trace:
#0 /home/shahkotp/public_html/blog.php(7): blog_title()
#1 {main}
  thrown @ /home/shahkotp/public_html/app/blog.php:25
[2026-09-01T22:50:21+05:00] Request activity logger failed | PDOException: SQLSTATE[HY000]: General error: 2014 Cannot execute queries while other unbuffered queries are active.  Consider using PDOStatement::fetchAll().  Alternatively, if your code is only ever going to run against mysql, you may enable query buffering by setting the PDO::MYSQL_ATTR_USE_BUFFERED_QUERY attribute. @ /home/shahkotp/public_html/app/activity_log.php:105
[2026-09-01T23:07:32+05:00] FATAL: Uncaught TypeError: blog_title(): Argument #2 ($lang) must be of type string, null given, called in /home/shahkotp/public_html/blog.php on line 7 and defined in /home/shahkotp/public_html/app/blog.php:25
Stack trace:
#0 /home/shahkotp/public_html/blog.php(7): blog_title()
#1 {main}
  thrown @ /home/shahkotp/public_html/app/blog.php:25
[2026-09-01T23:07:43+05:00] FATAL: Uncaught TypeError: blog_title(): Argument #2 ($lang) must be of type string, null given, called in /home/shahkotp/public_html/blog.php on line 7 and defined in /home/shahkotp/public_html/app/blog.php:25
Stack trace:
#0 /home/shahkotp/public_html/blog.php(7): blog_title()
#1 {main}
  thrown @ /home/shahkotp/public_html/app/blog.php:25
[2026-09-01T23:24:22+05:00] FATAL: Uncaught TypeError: blog_title(): Argument #2 ($lang) must be of type string, null given, called in /home/shahkotp/public_html/blog.php on line 7 and defined in /home/shahkotp/public_html/app/blog.php:25
Stack trace:
#0 /home/shahkotp/public_html/blog.php(7): blog_title()
#1 {main}
  thrown @ /home/shahkotp/public_html/app/blog.php:25
[2026-09-01T23:28:35+05:00] FATAL: Uncaught PDOException: SQLSTATE[42S22]: Column not found: 1054 Unknown column 'd.budget' in 'SELECT' in /home/shahkotp/public_html/ad-click.php:4
Stack trace:
#0 /home/shahkotp/public_html/ad-click.php(4): PDO->prepare()
#1 {main}
  thrown @ /home/shahkotp/public_html/ad-click.php:4
[2026-09-01T23:42:03+05:00] FATAL: Uncaught PDOException: SQLSTATE[42S22]: Column not found: 1054 Unknown column 'd.budget' in 'SELECT' in /home/shahkotp/public_html/ad-click.php:4
Stack trace:
#0 /home/shahkotp/public_html/ad-click.php(4): PDO->prepare()
#1 {main}
  thrown @ /home/shahkotp/public_html/ad-click.php:4
[2026-09-01T23:42:06+05:00] FATAL: Uncaught PDOException: SQLSTATE[42S22]: Column not found: 1054 Unknown column 'd.budget' in 'SELECT' in /home/shahkotp/public_html/ad-click.php:4
Stack trace:
#0 /home/shahkotp/public_html/ad-click.php(4): PDO->prepare()
#1 {main}
  thrown @ /home/shahkotp/public_html/ad-click.php:4
[2026-09-01T23:42:10+05:00] FATAL: Uncaught PDOException: SQLSTATE[42S22]: Column not found: 1054 Unknown column 'd.budget' in 'SELECT' in /home/shahkotp/public_html/ad-click.php:4
Stack trace:
#0 /home/shahkotp/public_html/ad-click.php(4): PDO->prepare()
#1 {main}
  thrown @ /home/shahkotp/public_html/ad-click.php:4
[2026-09-01T23:42:57+05:00] FATAL: Uncaught PDOException: SQLSTATE[42S22]: Column not found: 1054 Unknown column 'd.budget' in 'SELECT' in /home/shahkotp/public_html/ad-click.php:4
Stack trace:
#0 /home/shahkotp/public_html/ad-click.php(4): PDO->prepare()
#1 {main}
  thrown @ /home/shahkotp/public_html/ad-click.php:4
[2026-09-01T23:49:24+05:00] FATAL: Uncaught PDOException: SQLSTATE[42S22]: Column not found: 1054 Unknown column 'd.budget' in 'SELECT' in /home/shahkotp/public_html/ad-click.php:4
Stack trace:
#0 /home/shahkotp/public_html/ad-click.php(4): PDO->prepare()
#1 {main}
  thrown @ /home/shahkotp/public_html/ad-click.php:4
[2026-09-26T13:30:17+00:00] FATAL: Uncaught TypeError: current_tenant(): Return value must be of type ?array, false returned in E:\shahkotpk\app\tenancy_v5.php:27
Stack trace:
#0 E:\shahkotpk\app\tenancy_v5.php(37): current_tenant()
#1 E:\shahkotpk\app\settings.php(372): tenant_brand('timezone', 'Asia/Karachi')
#2 E:\shahkotpk\app\bootstrap.php(103): setting('timezone', 'Asia/Karachi')
#3 E:\shahkotpk\index.php(2): require('E:\\shahkotpk\\ap...')
#4 {main}
  thrown @ E:\shahkotpk\app\tenancy_v5.php:27
[2026-09-26T18:32:13+05:00] Live v5.4.5 upgrade failed | PDOException: SQLSTATE[42S02]: Base table or view not found: 1146 Table 'shahkotp_skt.settings' doesn't exist @ E:\shahkotpk\app\settings.php:397
[2026-09-26T18:32:14+05:00] Live v5.4.5 upgrade failed | PDOException: SQLSTATE[42S02]: Base table or view not found: 1146 Table 'shahkotp_skt.settings' doesn't exist @ E:\shahkotpk\app\settings.php:397
[2026-09-26T18:32:14+05:00] Homepage context failed | PDOException: SQLSTATE[42S02]: Base table or view not found: 1146 Table 'shahkotp_skt.city_portal_items' doesn't exist @ E:\shahkotpk\app\city_portal.php:43
[2026-09-26T18:32:14+05:00] Homepage renderer failed | TypeError: lt_business_collection(): Argument #2 ($rows) must be of type array, null given, called in E:\shahkotpk\app\landing_theme_components.php on line 62 @ E:\shahkotpk\app\landing_theme_components.php:61
[2026-09-26T18:33:22+05:00] Live v5.4.5 upgrade failed | PDOException: SQLSTATE[42S02]: Base table or view not found: 1146 Table 'shahkotp_skt.settings' doesn't exist @ E:\shahkotpk\app\settings.php:397
[2026-09-26T18:33:22+05:00] Live v5.4.5 upgrade failed | PDOException: SQLSTATE[42S02]: Base table or view not found: 1146 Table 'shahkotp_skt.settings' doesn't exist @ E:\shahkotpk\app\settings.php:397
[2026-09-26T18:33:22+05:00] Homepage context failed | PDOException: SQLSTATE[42S02]: Base table or view not found: 1146 Table 'shahkotp_skt.city_portal_items' doesn't exist @ E:\shahkotpk\app\city_portal.php:43
[2026-09-26T18:33:22+05:00] Homepage renderer failed | TypeError: lt_business_collection(): Argument #2 ($rows) must be of type array, null given, called in E:\shahkotpk\app\landing_theme_components.php on line 62 @ E:\shahkotpk\app\landing_theme_components.php:61
[2026-09-26T18:33:26+05:00] Live v5.4.5 upgrade failed | PDOException: SQLSTATE[42S02]: Base table or view not found: 1146 Table 'shahkotp_skt.settings' doesn't exist @ E:\shahkotpk\app\settings.php:397
[2026-09-26T18:33:28+05:00] Live v5.4.5 upgrade failed | PDOException: SQLSTATE[42S02]: Base table or view not found: 1146 Table 'shahkotp_skt.settings' doesn't exist @ E:\shahkotpk\app\settings.php:397
[2026-09-26T18:33:30+05:00] Live v5.4.5 upgrade failed | PDOException: SQLSTATE[42S02]: Base table or view not found: 1146 Table 'shahkotp_skt.settings' doesn't exist @ E:\shahkotpk\app\settings.php:397
[2026-09-26T18:33:32+05:00] Live v5.4.5 upgrade failed | PDOException: SQLSTATE[42S02]: Base table or view not found: 1146 Table 'shahkotp_skt.settings' doesn't exist @ E:\shahkotpk\app\settings.php:397
[2026-09-26T18:33:33+05:00] Live v5.4.5 upgrade failed | PDOException: SQLSTATE[42S02]: Base table or view not found: 1146 Table 'shahkotp_skt.settings' doesn't exist @ E:\shahkotpk\app\settings.php:397
[2026-09-26T18:33:35+05:00] Live v5.4.5 upgrade failed | PDOException: SQLSTATE[42S02]: Base table or view not found: 1146 Table 'shahkotp_skt.settings' doesn't exist @ E:\shahkotpk\app\settings.php:397
[2026-09-26T18:33:37+05:00] Live v5.4.5 upgrade failed | PDOException: SQLSTATE[42S02]: Base table or view not found: 1146 Table 'shahkotp_skt.settings' doesn't exist @ E:\shahkotpk\app\settings.php:397
[2026-09-26T18:33:38+05:00] Live v5.4.5 upgrade failed | PDOException: SQLSTATE[42S02]: Base table or view not found: 1146 Table 'shahkotp_skt.settings' doesn't exist @ E:\shahkotpk\app\settings.php:397
[2026-09-26T18:33:40+05:00] Live v5.4.5 upgrade failed | PDOException: SQLSTATE[42S02]: Base table or view not found: 1146 Table 'shahkotp_skt.settings' doesn't exist @ E:\shahkotpk\app\settings.php:397
[2026-09-26T18:33:45+05:00] Live v5.4.5 upgrade failed | PDOException: SQLSTATE[42S02]: Base table or view not found: 1146 Table 'shahkotp_skt.settings' doesn't exist @ E:\shahkotpk\app\settings.php:397
[2026-09-26T18:33:45+05:00] Live v5.4.5 upgrade failed | PDOException: SQLSTATE[42S02]: Base table or view not found: 1146 Table 'shahkotp_skt.settings' doesn't exist @ E:\shahkotpk\app\settings.php:397
[2026-09-26T18:33:45+05:00] Homepage context failed | PDOException: SQLSTATE[42S02]: Base table or view not found: 1146 Table 'shahkotp_skt.city_portal_items' doesn't exist @ E:\shahkotpk\app\city_portal.php:43
[2026-09-26T18:33:45+05:00] Homepage renderer failed | TypeError: lt_business_collection(): Argument #2 ($rows) must be of type array, null given, called in E:\shahkotpk\app\landing_theme_components.php on line 62 @ E:\shahkotpk\app\landing_theme_components.php:61
[2026-09-26T18:33:47+05:00] Live v5.4.5 upgrade failed | PDOException: SQLSTATE[42S02]: Base table or view not found: 1146 Table 'shahkotp_skt.settings' doesn't exist @ E:\shahkotpk\app\settings.php:397
[2026-09-26T18:33:49+05:00] Live v5.4.5 upgrade failed | PDOException: SQLSTATE[42S02]: Base table or view not found: 1146 Table 'shahkotp_skt.settings' doesn't exist @ E:\shahkotpk\app\settings.php:397
[2026-09-26T18:33:50+05:00] Live v5.4.5 upgrade failed | PDOException: SQLSTATE[42S02]: Base table or view not found: 1146 Table 'shahkotp_skt.settings' doesn't exist @ E:\shahkotpk\app\settings.php:397
[2026-09-26T18:33:52+05:00] Live v5.4.5 upgrade failed | PDOException: SQLSTATE[42S02]: Base table or view not found: 1146 Table 'shahkotp_skt.settings' doesn't exist @ E:\shahkotpk\app\settings.php:397
[2026-09-26T18:33:54+05:00] Live v5.4.5 upgrade failed | PDOException: SQLSTATE[42S02]: Base table or view not found: 1146 Table 'shahkotp_skt.settings' doesn't exist @ E:\shahkotpk\app\settings.php:397
[2026-09-26T18:33:55+05:00] Live v5.4.5 upgrade failed | PDOException: SQLSTATE[42S02]: Base table or view not found: 1146 Table 'shahkotp_skt.settings' doesn't exist @ E:\shahkotpk\app\settings.php:397
[2026-09-26T18:33:55+05:00] Live v5.4.5 upgrade failed | PDOException: SQLSTATE[42S02]: Base table or view not found: 1146 Table 'shahkotp_skt.settings' doesn't exist @ E:\shahkotpk\app\settings.php:397
[2026-09-26T18:33:55+05:00] Homepage context failed | PDOException: SQLSTATE[42S02]: Base table or view not found: 1146 Table 'shahkotp_skt.city_portal_items' doesn't exist @ E:\shahkotpk\app\city_portal.php:43
[2026-09-26T18:33:55+05:00] Homepage renderer failed | TypeError: lt_business_collection(): Argument #2 ($rows) must be of type array, null given, called in E:\shahkotpk\app\landing_theme_components.php on line 62 @ E:\shahkotpk\app\landing_theme_components.php:61
[2026-09-26T18:33:57+05:00] Live v5.4.5 upgrade failed | PDOException: SQLSTATE[42S02]: Base table or view not found: 1146 Table 'shahkotp_skt.settings' doesn't exist @ E:\shahkotpk\app\settings.php:397
[2026-09-26T18:34:42+05:00] Live v5.4.5 upgrade failed | PDOException: SQLSTATE[42S02]: Base table or view not found: 1146 Table 'shahkotp_skt.settings' doesn't exist @ E:\shahkotpk\app\settings.php:397
[2026-09-26T18:35:32+05:00] Live v5.4.5 upgrade failed | PDOException: SQLSTATE[42S02]: Base table or view not found: 1146 Table 'shahkotp_skt.settings' doesn't exist @ E:\shahkotpk\app\settings.php:397
[2026-09-26T18:35:33+05:00] Live v5.4.5 upgrade failed | PDOException: SQLSTATE[42S02]: Base table or view not found: 1146 Table 'shahkotp_skt.settings' doesn't exist @ E:\shahkotpk\app\settings.php:397
[2026-09-26T18:35:33+05:00] FATAL: Uncaught PDOException: SQLSTATE[42S02]: Base table or view not found: 1146 Table 'shahkotp_skt.subscription_plans' doesn't exist in E:\shahkotpk\pricing.php:4
Stack trace:
#0 E:\shahkotpk\pricing.php(4): PDO->query('SELECT sp.*,spd...')
#1 {main}
  thrown @ E:\shahkotpk\pricing.php:4
[2026-09-26T18:35:35+05:00] Live v5.4.5 upgrade failed | PDOException: SQLSTATE[42S02]: Base table or view not found: 1146 Table 'shahkotp_skt.settings' doesn't exist @ E:\shahkotpk\app\settings.php:397
[2026-09-26T18:35:37+05:00] Live v5.4.5 upgrade failed | PDOException: SQLSTATE[42S02]: Base table or view not found: 1146 Table 'shahkotp_skt.settings' doesn't exist @ E:\shahkotpk\app\settings.php:397
[2026-09-26T18:35:44+05:00] Live v5.4.5 upgrade failed | PDOException: SQLSTATE[42S02]: Base table or view not found: 1146 Table 'shahkotp_skt.settings' doesn't exist @ E:\shahkotpk\app\settings.php:397
[2026-09-26T18:35:46+05:00] Live v5.4.5 upgrade failed | PDOException: SQLSTATE[42S02]: Base table or view not found: 1146 Table 'shahkotp_skt.settings' doesn't exist @ E:\shahkotpk\app\settings.php:397
[2026-09-26T18:35:55+05:00] Live v5.4.5 upgrade failed | PDOException: SQLSTATE[42S02]: Base table or view not found: 1146 Table 'shahkotp_skt.settings' doesn't exist @ E:\shahkotpk\app\settings.php:397
[2026-09-26T18:36:18+05:00] Live v5.4.5 upgrade failed | PDOException: SQLSTATE[42S02]: Base table or view not found: 1146 Table 'shahkotp_skt.settings' doesn't exist @ E:\shahkotpk\app\settings.php:397
[2026-09-26T18:36:18+05:00] Live v5.4.5 upgrade failed | PDOException: SQLSTATE[42S02]: Base table or view not found: 1146 Table 'shahkotp_skt.settings' doesn't exist @ E:\shahkotpk\app\settings.php:397
[2026-09-26T18:36:18+05:00] Homepage context failed | PDOException: SQLSTATE[42S02]: Base table or view not found: 1146 Table 'shahkotp_skt.city_portal_items' doesn't exist @ E:\shahkotpk\app\city_portal.php:43
[2026-09-26T18:36:20+05:00] Live v5.4.5 upgrade failed | PDOException: SQLSTATE[42S02]: Base table or view not found: 1146 Table 'shahkotp_skt.settings' doesn't exist @ E:\shahkotpk\app\settings.php:397
[2026-09-26T18:36:20+05:00] Live v5.4.5 upgrade failed | PDOException: SQLSTATE[42S02]: Base table or view not found: 1146 Table 'shahkotp_skt.settings' doesn't exist @ E:\shahkotpk\app\settings.php:397
[2026-09-26T18:36:20+05:00] Homepage context failed | PDOException: SQLSTATE[42S02]: Base table or view not found: 1146 Table 'shahkotp_skt.city_portal_items' doesn't exist @ E:\shahkotpk\app\city_portal.php:43
[2026-09-26T18:36:21+05:00] Live v5.4.5 upgrade failed | PDOException: SQLSTATE[42S02]: Base table or view not found: 1146 Table 'shahkotp_skt.settings' doesn't exist @ E:\shahkotpk\app\settings.php:397
[2026-09-26T18:36:21+05:00] FATAL: Uncaught PDOException: SQLSTATE[42S02]: Base table or view not found: 1146 Table 'shahkotp_skt.subscription_plans' doesn't exist in E:\shahkotpk\pricing.php:4
Stack trace:
#0 E:\shahkotpk\pricing.php(4): PDO->query('SELECT sp.*,spd...')
#1 {main}
  thrown @ E:\shahkotpk\pricing.php:4
[2026-09-26T18:36:23+05:00] Live v5.4.5 upgrade failed | PDOException: SQLSTATE[42S02]: Base table or view not found: 1146 Table 'shahkotp_skt.settings' doesn't exist @ E:\shahkotpk\app\settings.php:397
[2026-09-26T18:36:25+05:00] Live v5.4.5 upgrade failed | PDOException: SQLSTATE[42S02]: Base table or view not found: 1146 Table 'shahkotp_skt.settings' doesn't exist @ E:\shahkotpk\app\settings.php:397
[2026-09-26T18:36:26+05:00] Live v5.4.5 upgrade failed | PDOException: SQLSTATE[42S02]: Base table or view not found: 1146 Table 'shahkotp_skt.settings' doesn't exist @ E:\shahkotpk\app\settings.php:397
[2026-09-26T18:36:28+05:00] Live v5.4.5 upgrade failed | PDOException: SQLSTATE[42S02]: Base table or view not found: 1146 Table 'shahkotp_skt.settings' doesn't exist @ E:\shahkotpk\app\settings.php:397
[2026-09-26T18:36:30+05:00] Live v5.4.5 upgrade failed | PDOException: SQLSTATE[42S02]: Base table or view not found: 1146 Table 'shahkotp_skt.settings' doesn't exist @ E:\shahkotpk\app\settings.php:397
[2026-09-26T18:36:37+05:00] Live v5.4.5 upgrade failed | PDOException: SQLSTATE[42S02]: Base table or view not found: 1146 Table 'shahkotp_skt.settings' doesn't exist @ E:\shahkotpk\app\settings.php:397
[2026-09-26T18:36:39+05:00] Live v5.4.5 upgrade failed | PDOException: SQLSTATE[42S02]: Base table or view not found: 1146 Table 'shahkotp_skt.settings' doesn't exist @ E:\shahkotpk\app\settings.php:397
[2026-09-26T18:38:18+05:00] Live v5.4.5 upgrade failed | PDOException: SQLSTATE[42S02]: Base table or view not found: 1146 Table 'shahkotp_skt.settings' doesn't exist @ E:\shahkotpk\app\settings.php:397
[2026-09-26T18:38:18+05:00] Live v5.4.5 upgrade failed | PDOException: SQLSTATE[42S02]: Base table or view not found: 1146 Table 'shahkotp_skt.settings' doesn't exist @ E:\shahkotpk\app\settings.php:397
[2026-09-26T18:38:18+05:00] Homepage context failed | PDOException: SQLSTATE[42S02]: Base table or view not found: 1146 Table 'shahkotp_skt.city_portal_items' doesn't exist @ E:\shahkotpk\app\city_portal.php:43
[2026-09-26T18:38:20+05:00] Live v5.4.5 upgrade failed | PDOException: SQLSTATE[42S02]: Base table or view not found: 1146 Table 'shahkotp_skt.settings' doesn't exist @ E:\shahkotpk\app\settings.php:397
[2026-09-26T18:38:20+05:00] Live v5.4.5 upgrade failed | PDOException: SQLSTATE[42S02]: Base table or view not found: 1146 Table 'shahkotp_skt.settings' doesn't exist @ E:\shahkotpk\app\settings.php:397
[2026-09-26T18:38:20+05:00] Homepage context failed | PDOException: SQLSTATE[42S02]: Base table or view not found: 1146 Table 'shahkotp_skt.city_portal_items' doesn't exist @ E:\shahkotpk\app\city_portal.php:43
[2026-09-26T18:38:22+05:00] Live v5.4.5 upgrade failed | PDOException: SQLSTATE[42S02]: Base table or view not found: 1146 Table 'shahkotp_skt.settings' doesn't exist @ E:\shahkotpk\app\settings.php:397
[2026-09-26T18:38:32+05:00] Live v5.4.5 upgrade failed | PDOException: SQLSTATE[42S02]: Base table or view not found: 1146 Table 'shahkotp_skt.settings' doesn't exist @ E:\shahkotpk\app\settings.php:397
[2026-09-26T18:38:32+05:00] Live v5.4.5 upgrade failed | PDOException: SQLSTATE[42S02]: Base table or view not found: 1146 Table 'shahkotp_skt.settings' doesn't exist @ E:\shahkotpk\app\settings.php:397
[2026-09-26T18:38:32+05:00] Homepage context failed | PDOException: SQLSTATE[42S02]: Base table or view not found: 1146 Table 'shahkotp_skt.city_portal_items' doesn't exist @ E:\shahkotpk\app\city_portal.php:43
[2026-09-26T18:38:33+05:00] Live v5.4.5 upgrade failed | PDOException: SQLSTATE[42S02]: Base table or view not found: 1146 Table 'shahkotp_skt.settings' doesn't exist @ E:\shahkotpk\app\settings.php:397
[2026-09-26T18:38:35+05:00] Live v5.4.5 upgrade failed | PDOException: SQLSTATE[42S02]: Base table or view not found: 1146 Table 'shahkotp_skt.settings' doesn't exist @ E:\shahkotpk\app\settings.php:397
[2026-09-26T18:38:35+05:00] Live v5.4.5 upgrade failed | PDOException: SQLSTATE[42S02]: Base table or view not found: 1146 Table 'shahkotp_skt.settings' doesn't exist @ E:\shahkotpk\app\settings.php:397
[2026-09-26T18:38:35+05:00] Homepage context failed | PDOException: SQLSTATE[42S02]: Base table or view not found: 1146 Table 'shahkotp_skt.city_portal_items' doesn't exist @ E:\shahkotpk\app\city_portal.php:43
[2026-09-26T18:38:37+05:00] Live v5.4.5 upgrade failed | PDOException: SQLSTATE[42S02]: Base table or view not found: 1146 Table 'shahkotp_skt.settings' doesn't exist @ E:\shahkotpk\app\settings.php:397
[2026-09-26T18:38:39+05:00] Live v5.4.5 upgrade failed | PDOException: SQLSTATE[42S02]: Base table or view not found: 1146 Table 'shahkotp_skt.settings' doesn't exist @ E:\shahkotpk\app\settings.php:397
[2026-09-26T18:38:40+05:00] Live v5.4.5 upgrade failed | PDOException: SQLSTATE[42S02]: Base table or view not found: 1146 Table 'shahkotp_skt.settings' doesn't exist @ E:\shahkotpk\app\settings.php:397
[2026-09-26T18:38:40+05:00] Live v5.4.5 upgrade failed | PDOException: SQLSTATE[42S02]: Base table or view not found: 1146 Table 'shahkotp_skt.settings' doesn't exist @ E:\shahkotpk\app\settings.php:397
[2026-09-26T18:38:40+05:00] Homepage context failed | PDOException: SQLSTATE[42S02]: Base table or view not found: 1146 Table 'shahkotp_skt.city_portal_items' doesn't exist @ E:\shahkotpk\app\city_portal.php:43
[2026-09-26T18:38:59+05:00] Live v5.4.5 upgrade failed | PDOException: SQLSTATE[42S02]: Base table or view not found: 1146 Table 'shahkotp_skt.settings' doesn't exist @ E:\shahkotpk\app\settings.php:397
[2026-09-26T18:39:01+05:00] Live v5.4.5 upgrade failed | PDOException: SQLSTATE[42S02]: Base table or view not found: 1146 Table 'shahkotp_skt.settings' doesn't exist @ E:\shahkotpk\app\settings.php:397
[2026-09-26T18:39:03+05:00] Live v5.4.5 upgrade failed | PDOException: SQLSTATE[42S02]: Base table or view not found: 1146 Table 'shahkotp_skt.settings' doesn't exist @ E:\shahkotpk\app\settings.php:397
[2026-09-26T18:39:05+05:00] Live v5.4.5 upgrade failed | PDOException: SQLSTATE[42S02]: Base table or view not found: 1146 Table 'shahkotp_skt.settings' doesn't exist @ E:\shahkotpk\app\settings.php:397
[2026-09-26T18:39:06+05:00] Live v5.4.5 upgrade failed | PDOException: SQLSTATE[42S02]: Base table or view not found: 1146 Table 'shahkotp_skt.settings' doesn't exist @ E:\shahkotpk\app\settings.php:397
[2026-09-26T18:39:08+05:00] Live v5.4.5 upgrade failed | PDOException: SQLSTATE[42S02]: Base table or view not found: 1146 Table 'shahkotp_skt.settings' doesn't exist @ E:\shahkotpk\app\settings.php:397
[2026-09-26T18:39:19+05:00] Live v5.4.5 upgrade failed | PDOException: SQLSTATE[42S02]: Base table or view not found: 1146 Table 'shahkotp_skt.settings' doesn't exist @ E:\shahkotpk\app\settings.php:397
[2026-09-26T18:39:19+05:00] Live v5.4.5 upgrade failed | PDOException: SQLSTATE[42S02]: Base table or view not found: 1146 Table 'shahkotp_skt.settings' doesn't exist @ E:\shahkotpk\app\settings.php:397
[2026-09-26T18:39:19+05:00] Homepage context failed | PDOException: SQLSTATE[42S02]: Base table or view not found: 1146 Table 'shahkotp_skt.city_portal_items' doesn't exist @ E:\shahkotpk\app\city_portal.php:43
[2026-09-26T18:39:20+05:00] Live v5.4.5 upgrade failed | PDOException: SQLSTATE[42S02]: Base table or view not found: 1146 Table 'shahkotp_skt.settings' doesn't exist @ E:\shahkotpk\app\settings.php:397
[2026-09-26T18:39:20+05:00] Live v5.4.5 upgrade failed | PDOException: SQLSTATE[42S02]: Base table or view not found: 1146 Table 'shahkotp_skt.settings' doesn't exist @ E:\shahkotpk\app\settings.php:397
[2026-09-26T18:39:20+05:00] Homepage context failed | PDOException: SQLSTATE[42S02]: Base table or view not found: 1146 Table 'shahkotp_skt.city_portal_items' doesn't exist @ E:\shahkotpk\app\city_portal.php:43
[2026-09-26T18:39:23+05:00] Live v5.4.5 upgrade failed | PDOException: SQLSTATE[42S02]: Base table or view not found: 1146 Table 'shahkotp_skt.settings' doesn't exist @ E:\shahkotpk\app\settings.php:397
[2026-09-26T18:39:25+05:00] Live v5.4.5 upgrade failed | PDOException: SQLSTATE[42S02]: Base table or view not found: 1146 Table 'shahkotp_skt.settings' doesn't exist @ E:\shahkotpk\app\settings.php:397
[2026-09-26T18:39:27+05:00] Live v5.4.5 upgrade failed | PDOException: SQLSTATE[42S02]: Base table or view not found: 1146 Table 'shahkotp_skt.settings' doesn't exist @ E:\shahkotpk\app\settings.php:397
[2026-09-26T18:39:28+05:00] Live v5.4.5 upgrade failed | PDOException: SQLSTATE[42S02]: Base table or view not found: 1146 Table 'shahkotp_skt.settings' doesn't exist @ E:\shahkotpk\app\settings.php:397
[2026-09-26T18:39:45+05:00] Live v5.4.5 upgrade failed | PDOException: SQLSTATE[42S02]: Base table or view not found: 1146 Table 'shahkotp_skt.settings' doesn't exist @ E:\shahkotpk\app\settings.php:397
[2026-09-26T18:39:47+05:00] Live v5.4.5 upgrade failed | PDOException: SQLSTATE[42S02]: Base table or view not found: 1146 Table 'shahkotp_skt.settings' doesn't exist @ E:\shahkotpk\app\settings.php:397
[2026-09-26T18:39:49+05:00] Live v5.4.5 upgrade failed | PDOException: SQLSTATE[42S02]: Base table or view not found: 1146 Table 'shahkotp_skt.settings' doesn't exist @ E:\shahkotpk\app\settings.php:397
[2026-09-26T18:39:49+05:00] FATAL: Uncaught PDOException: SQLSTATE[42S02]: Base table or view not found: 1146 Table 'shahkotp_skt.subscription_plans' doesn't exist in E:\shahkotpk\pricing.php:4
Stack trace:
#0 E:\shahkotpk\pricing.php(4): PDO->query('SELECT sp.*,spd...')
#1 {main}
  thrown @ E:\shahkotpk\pricing.php:4
[2026-09-26T18:39:50+05:00] Live v5.4.5 upgrade failed | PDOException: SQLSTATE[42S02]: Base table or view not found: 1146 Table 'shahkotp_skt.settings' doesn't exist @ E:\shahkotpk\app\settings.php:397
[2026-09-26T18:39:50+05:00] FATAL: Uncaught PDOException: SQLSTATE[42S02]: Base table or view not found: 1146 Table 'shahkotp_skt.businesses' doesn't exist in E:\shahkotpk\search.php:26
Stack trace:
#0 E:\shahkotpk\search.php(26): PDO->prepare('SELECT b.*,c.na...')
#1 {main}
  thrown @ E:\shahkotpk\search.php:26
[2026-09-26T18:39:52+05:00] Live v5.4.5 upgrade failed | PDOException: SQLSTATE[42S02]: Base table or view not found: 1146 Table 'shahkotp_skt.settings' doesn't exist @ E:\shahkotpk\app\settings.php:397
[2026-09-26T18:39:54+05:00] Live v5.4.5 upgrade failed | PDOException: SQLSTATE[42S02]: Base table or view not found: 1146 Table 'shahkotp_skt.settings' doesn't exist @ E:\shahkotpk\app\settings.php:397
[2026-09-26T18:39:55+05:00] Live v5.4.5 upgrade failed | PDOException: SQLSTATE[42S02]: Base table or view not found: 1146 Table 'shahkotp_skt.settings' doesn't exist @ E:\shahkotpk\app\settings.php:397
[2026-09-26T18:39:57+05:00] Live v5.4.5 upgrade failed | PDOException: SQLSTATE[42S02]: Base table or view not found: 1146 Table 'shahkotp_skt.settings' doesn't exist @ E:\shahkotpk\app\settings.php:397
[2026-09-26T18:39:59+05:00] Live v5.4.5 upgrade failed | PDOException: SQLSTATE[42S02]: Base table or view not found: 1146 Table 'shahkotp_skt.settings' doesn't exist @ E:\shahkotpk\app\settings.php:397
[2026-09-26T18:40:00+05:00] Live v5.4.5 upgrade failed | PDOException: SQLSTATE[42S02]: Base table or view not found: 1146 Table 'shahkotp_skt.settings' doesn't exist @ E:\shahkotpk\app\settings.php:397
[2026-09-26T18:40:44+05:00] Live v5.4.5 upgrade failed | PDOException: SQLSTATE[42S02]: Base table or view not found: 1146 Table 'shahkotp_skt.settings' doesn't exist @ E:\shahkotpk\app\settings.php:397
[2026-09-26T18:40:52+05:00] Live v5.4.5 upgrade failed | PDOException: SQLSTATE[42S02]: Base table or view not found: 1146 Table 'shahkotp_skt.settings' doesn't exist @ E:\shahkotpk\app\settings.php:397
[2026-09-26T18:40:52+05:00] FATAL: Uncaught PDOException: SQLSTATE[42S02]: Base table or view not found: 1146 Table 'shahkotp_skt.subscription_plans' doesn't exist in E:\shahkotpk\pricing.php:4
Stack trace:
#0 E:\shahkotpk\pricing.php(4): PDO->query('SELECT sp.*,spd...')
#1 {main}
  thrown @ E:\shahkotpk\pricing.php:4
[2026-09-26T18:40:54+05:00] Live v5.4.5 upgrade failed | PDOException: SQLSTATE[42S02]: Base table or view not found: 1146 Table 'shahkotp_skt.settings' doesn't exist @ E:\shahkotpk\app\settings.php:397
[2026-09-26T18:40:55+05:00] Live v5.4.5 upgrade failed | PDOException: SQLSTATE[42S02]: Base table or view not found: 1146 Table 'shahkotp_skt.settings' doesn't exist @ E:\shahkotpk\app\settings.php:397
[2026-09-26T18:40:57+05:00] Live v5.4.5 upgrade failed | PDOException: SQLSTATE[42S02]: Base table or view not found: 1146 Table 'shahkotp_skt.settings' doesn't exist @ E:\shahkotpk\app\settings.php:397
[2026-09-26T18:41:08+05:00] Live v5.4.5 upgrade failed | PDOException: SQLSTATE[42S02]: Base table or view not found: 1146 Table 'shahkotp_skt.settings' doesn't exist @ E:\shahkotpk\app\settings.php:397
[2026-09-26T18:41:36+05:00] Live v5.4.5 upgrade failed | PDOException: SQLSTATE[42S02]: Base table or view not found: 1146 Table 'shahkotp_skt.settings' doesn't exist @ E:\shahkotpk\app\settings.php:397
[2026-09-26T18:41:40+05:00] Live v5.4.5 upgrade failed | PDOException: SQLSTATE[42S02]: Base table or view not found: 1146 Table 'shahkotp_skt.settings' doesn't exist @ E:\shahkotpk\app\settings.php:397
[2026-09-26T18:42:18+05:00] Live v5.4.5 upgrade failed | PDOException: SQLSTATE[42S02]: Base table or view not found: 1146 Table 'shahkotp_skt.settings' doesn't exist @ E:\shahkotpk\app\settings.php:397
[2026-09-26T18:42:18+05:00] Live v5.4.5 upgrade failed | PDOException: SQLSTATE[42S02]: Base table or view not found: 1146 Table 'shahkotp_skt.settings' doesn't exist @ E:\shahkotpk\app\settings.php:397
[2026-09-26T18:42:18+05:00] Homepage context failed | PDOException: SQLSTATE[42S02]: Base table or view not found: 1146 Table 'shahkotp_skt.city_portal_items' doesn't exist @ E:\shahkotpk\app\city_portal.php:43
[2026-09-26T18:42:20+05:00] Live v5.4.5 upgrade failed | PDOException: SQLSTATE[42S02]: Base table or view not found: 1146 Table 'shahkotp_skt.settings' doesn't exist @ E:\shahkotpk\app\settings.php:397
[2026-09-26T18:42:20+05:00] Live v5.4.5 upgrade failed | PDOException: SQLSTATE[42S02]: Base table or view not found: 1146 Table 'shahkotp_skt.settings' doesn't exist @ E:\shahkotpk\app\settings.php:397
[2026-09-26T18:42:20+05:00] Homepage context failed | PDOException: SQLSTATE[42S02]: Base table or view not found: 1146 Table 'shahkotp_skt.city_portal_items' doesn't exist @ E:\shahkotpk\app\city_portal.php:43
[2026-09-26T18:42:27+05:00] Live v5.4.5 upgrade failed | PDOException: SQLSTATE[42S02]: Base table or view not found: 1146 Table 'shahkotp_skt.settings' doesn't exist @ E:\shahkotpk\app\settings.php:397
[2026-09-26T18:46:49+05:00] Live v5.4.5 upgrade failed | PDOException: SQLSTATE[42S02]: Base table or view not found: 1146 Table 'shahkotp_skt.settings' doesn't exist @ E:\shahkotpk\app\settings.php:397
[2026-09-26T18:46:49+05:00] Live v5.4.5 upgrade failed | PDOException: SQLSTATE[42S02]: Base table or view not found: 1146 Table 'shahkotp_skt.settings' doesn't exist @ E:\shahkotpk\app\settings.php:397
[2026-09-26T18:46:49+05:00] Homepage context failed | PDOException: SQLSTATE[42S02]: Base table or view not found: 1146 Table 'shahkotp_skt.city_portal_items' doesn't exist @ E:\shahkotpk\app\city_portal.php:43
[2026-09-26T18:46:51+05:00] Live v5.4.5 upgrade failed | PDOException: SQLSTATE[42S02]: Base table or view not found: 1146 Table 'shahkotp_skt.settings' doesn't exist @ E:\shahkotpk\app\settings.php:397
[2026-09-26T18:46:51+05:00] Live v5.4.5 upgrade failed | PDOException: SQLSTATE[42S02]: Base table or view not found: 1146 Table 'shahkotp_skt.settings' doesn't exist @ E:\shahkotpk\app\settings.php:397
[2026-09-26T18:46:51+05:00] Homepage context failed | PDOException: SQLSTATE[42S02]: Base table or view not found: 1146 Table 'shahkotp_skt.city_portal_items' doesn't exist @ E:\shahkotpk\app\city_portal.php:43
[2026-09-26T18:46:53+05:00] Live v5.4.5 upgrade failed | PDOException: SQLSTATE[42S02]: Base table or view not found: 1146 Table 'shahkotp_skt.settings' doesn't exist @ E:\shahkotpk\app\settings.php:397
[2026-09-26T18:46:53+05:00] Live v5.4.5 upgrade failed | PDOException: SQLSTATE[42S02]: Base table or view not found: 1146 Table 'shahkotp_skt.settings' doesn't exist @ E:\shahkotpk\app\settings.php:397
[2026-09-26T18:46:53+05:00] Homepage context failed | PDOException: SQLSTATE[42S02]: Base table or view not found: 1146 Table 'shahkotp_skt.city_portal_items' doesn't exist @ E:\shahkotpk\app\city_portal.php:43
[2026-09-26T18:46:55+05:00] Live v5.4.5 upgrade failed | PDOException: SQLSTATE[42S02]: Base table or view not found: 1146 Table 'shahkotp_skt.settings' doesn't exist @ E:\shahkotpk\app\settings.php:397
[2026-09-26T18:46:55+05:00] Live v5.4.5 upgrade failed | PDOException: SQLSTATE[42S02]: Base table or view not found: 1146 Table 'shahkotp_skt.settings' doesn't exist @ E:\shahkotpk\app\settings.php:397
[2026-09-26T18:46:55+05:00] Homepage context failed | PDOException: SQLSTATE[42S02]: Base table or view not found: 1146 Table 'shahkotp_skt.city_portal_items' doesn't exist @ E:\shahkotpk\app\city_portal.php:43
[2026-09-26T18:46:56+05:00] Live v5.4.5 upgrade failed | PDOException: SQLSTATE[42S02]: Base table or view not found: 1146 Table 'shahkotp_skt.settings' doesn't exist @ E:\shahkotpk\app\settings.php:397
[2026-09-26T18:46:57+05:00] Live v5.4.5 upgrade failed | PDOException: SQLSTATE[42S02]: Base table or view not found: 1146 Table 'shahkotp_skt.settings' doesn't exist @ E:\shahkotpk\app\settings.php:397
[2026-09-26T18:46:57+05:00] Homepage context failed | PDOException: SQLSTATE[42S02]: Base table or view not found: 1146 Table 'shahkotp_skt.city_portal_items' doesn't exist @ E:\shahkotpk\app\city_portal.php:43
[2026-09-26T18:47:10+05:00] Live v5.4.5 upgrade failed | PDOException: SQLSTATE[42S02]: Base table or view not found: 1146 Table 'shahkotp_skt.settings' doesn't exist @ E:\shahkotpk\app\settings.php:397
[2026-09-26T18:47:10+05:00] Live v5.4.5 upgrade failed | PDOException: SQLSTATE[42S02]: Base table or view not found: 1146 Table 'shahkotp_skt.settings' doesn't exist @ E:\shahkotpk\app\settings.php:397
[2026-09-26T18:47:10+05:00] Homepage context failed | PDOException: SQLSTATE[42S02]: Base table or view not found: 1146 Table 'shahkotp_skt.city_portal_items' doesn't exist @ E:\shahkotpk\app\city_portal.php:43
[2026-09-26T18:47:17+05:00] Live v5.4.5 upgrade failed | PDOException: SQLSTATE[42S02]: Base table or view not found: 1146 Table 'shahkotp_skt.settings' doesn't exist @ E:\shahkotpk\app\settings.php:397
[2026-09-26T18:47:18+05:00] Live v5.4.5 upgrade failed | PDOException: SQLSTATE[42S02]: Base table or view not found: 1146 Table 'shahkotp_skt.settings' doesn't exist @ E:\shahkotpk\app\settings.php:397
[2026-09-26T18:47:18+05:00] Homepage context failed | PDOException: SQLSTATE[42S02]: Base table or view not found: 1146 Table 'shahkotp_skt.city_portal_items' doesn't exist @ E:\shahkotpk\app\city_portal.php:43
[2026-09-26T18:47:20+05:00] Live v5.4.5 upgrade failed | PDOException: SQLSTATE[42S02]: Base table or view not found: 1146 Table 'shahkotp_skt.settings' doesn't exist @ E:\shahkotpk\app\settings.php:397
[2026-09-26T18:47:20+05:00] Live v5.4.5 upgrade failed | PDOException: SQLSTATE[42S02]: Base table or view not found: 1146 Table 'shahkotp_skt.settings' doesn't exist @ E:\shahkotpk\app\settings.php:397
[2026-09-26T18:47:20+05:00] Homepage context failed | PDOException: SQLSTATE[42S02]: Base table or view not found: 1146 Table 'shahkotp_skt.city_portal_items' doesn't exist @ E:\shahkotpk\app\city_portal.php:43
[2026-09-26T18:47:22+05:00] Live v5.4.5 upgrade failed | PDOException: SQLSTATE[42S02]: Base table or view not found: 1146 Table 'shahkotp_skt.settings' doesn't exist @ E:\shahkotpk\app\settings.php:397
[2026-09-26T18:47:22+05:00] Live v5.4.5 upgrade failed | PDOException: SQLSTATE[42S02]: Base table or view not found: 1146 Table 'shahkotp_skt.settings' doesn't exist @ E:\shahkotpk\app\settings.php:397
[2026-09-26T18:47:22+05:00] Homepage context failed | PDOException: SQLSTATE[42S02]: Base table or view not found: 1146 Table 'shahkotp_skt.city_portal_items' doesn't exist @ E:\shahkotpk\app\city_portal.php:43
[2026-09-26T18:47:35+05:00] Live v5.4.5 upgrade failed | PDOException: SQLSTATE[42S02]: Base table or view not found: 1146 Table 'shahkotp_skt.settings' doesn't exist @ E:\shahkotpk\app\settings.php:397
[2026-09-26T18:47:35+05:00] Live v5.4.5 upgrade failed | PDOException: SQLSTATE[42S02]: Base table or view not found: 1146 Table 'shahkotp_skt.settings' doesn't exist @ E:\shahkotpk\app\settings.php:397
[2026-09-26T18:47:35+05:00] Homepage context failed | PDOException: SQLSTATE[42S02]: Base table or view not found: 1146 Table 'shahkotp_skt.city_portal_items' doesn't exist @ E:\shahkotpk\app\city_portal.php:43
[2026-09-26T20:42:38+05:00] FATAL: Uncaught TypeError: blog_title(): Argument #2 ($lang) must be of type string, null given, called in E:\web2\htdocs\shahkotpk\blog.php on line 5 and defined in E:\web2\htdocs\shahkotpk\app\blog.php:25
Stack trace:
#0 E:\web2\htdocs\shahkotpk\blog.php(5): blog_title(Array, NULL)
#1 {main}
  thrown @ E:\web2\htdocs\shahkotpk\app\blog.php:25
[2026-09-27T00:07:56+05:00] FATAL: Uncaught TypeError: blog_title(): Argument #2 ($lang) must be of type string, null given, called in E:\web2\htdocs\shahkotpk\blog.php on line 7 and defined in E:\web2\htdocs\shahkotpk\app\blog.php:25
Stack trace:
#0 E:\web2\htdocs\shahkotpk\blog.php(7): blog_title(Array, NULL)
#1 {main}
  thrown @ E:\web2\htdocs\shahkotpk\app\blog.php:25
[2026-09-27T00:10:53+05:00] FATAL: Uncaught TypeError: blog_title(): Argument #2 ($lang) must be of type string, null given, called in E:\web2\htdocs\shahkotpk\blog.php on line 7 and defined in E:\web2\htdocs\shahkotpk\app\blog.php:25
Stack trace:
#0 E:\web2\htdocs\shahkotpk\blog.php(7): blog_title(Array, NULL)
#1 {main}
  thrown @ E:\web2\htdocs\shahkotpk\app\blog.php:25
[2026-09-27T00:11:22+05:00] FATAL: Uncaught TypeError: blog_title(): Argument #2 ($lang) must be of type string, null given, called in E:\web2\htdocs\shahkotpk\blog.php on line 7 and defined in E:\web2\htdocs\shahkotpk\app\blog.php:25
Stack trace:
#0 E:\web2\htdocs\shahkotpk\blog.php(7): blog_title(Array, NULL)
#1 {main}
  thrown @ E:\web2\htdocs\shahkotpk\app\blog.php:25
[2026-09-27T00:11:22+05:00] FATAL: Uncaught TypeError: blog_title(): Argument #2 ($lang) must be of type string, null given, called in E:\web2\htdocs\shahkotpk\blog.php on line 7 and defined in E:\web2\htdocs\shahkotpk\app\blog.php:25
Stack trace:
#0 E:\web2\htdocs\shahkotpk\blog.php(7): blog_title(Array, NULL)
#1 {main}
  thrown @ E:\web2\htdocs\shahkotpk\app\blog.php:25
[2026-09-27T01:00:25+05:00] FATAL: Uncaught TypeError: blog_title(): Argument #2 ($lang) must be of type string, null given, called in E:\web2\htdocs\shahkotpk\blog.php on line 7 and defined in E:\web2\htdocs\shahkotpk\app\blog.php:25
Stack trace:
#0 E:\web2\htdocs\shahkotpk\blog.php(7): blog_title(Array, NULL)
#1 {main}
  thrown @ E:\web2\htdocs\shahkotpk\app\blog.php:25
[2026-09-27T01:00:33+05:00] FATAL: Uncaught TypeError: blog_title(): Argument #2 ($lang) must be of type string, null given, called in E:\web2\htdocs\shahkotpk\blog.php on line 7 and defined in E:\web2\htdocs\shahkotpk\app\blog.php:25
Stack trace:
#0 E:\web2\htdocs\shahkotpk\blog.php(7): blog_title(Array, NULL)
#1 {main}
  thrown @ E:\web2\htdocs\shahkotpk\app\blog.php:25
[2026-09-27T01:19:00+05:00] FATAL: Uncaught TypeError: blog_title(): Argument #2 ($lang) must be of type string, null given, called in E:\web2\htdocs\shahkotpk\blog.php on line 7 and defined in E:\web2\htdocs\shahkotpk\app\blog.php:25
Stack trace:
#0 E:\web2\htdocs\shahkotpk\blog.php(7): blog_title(Array, NULL)
#1 {main}
  thrown @ E:\web2\htdocs\shahkotpk\app\blog.php:25
[2026-09-27T01:28:48+05:00] FATAL: Uncaught TypeError: blog_title(): Argument #2 ($lang) must be of type string, null given, called in E:\web2\htdocs\shahkotpk\blog.php on line 7 and defined in E:\web2\htdocs\shahkotpk\app\blog.php:25
Stack trace:
#0 E:\web2\htdocs\shahkotpk\blog.php(7): blog_title(Array, NULL)
#1 {main}
  thrown @ E:\web2\htdocs\shahkotpk\app\blog.php:25
[2026-09-27T20:14:49+05:00] FATAL: Uncaught RuntimeException: Invalid update manifest. in E:\web2\htdocs\shahkotpk\app\updater.php:445
Stack trace:
#0 Command line code(1): install_update('C:/Users/MGMT/....')
#1 {main}
  thrown @ E:\web2\htdocs\shahkotpk\app\updater.php:445
[2026-09-27T20:15:05+05:00] FATAL: Uncaught RuntimeException: Invalid update manifest. in E:\web2\htdocs\shahkotpk\app\updater.php:445
Stack trace:
#0 Command line code(1): install_update('C:/Users/MGMT/....')
#1 {main}
  thrown @ E:\web2\htdocs\shahkotpk\app\updater.php:445
[2026-09-28T01:12:15+05:00] FATAL: Uncaught Error: Failed opening required 'E:\web2\htdocs\shahkotpk\admin/views/layout.php' (include_path='.;C:\php\pear') in E:\web2\htdocs\shahkotpk\admin\auth-settings.php:137
Stack trace:
#0 {main}
  thrown @ E:\web2\htdocs\shahkotpk\admin\auth-settings.php:137
[2026-09-28T01:21:15+05:00] FATAL: Uncaught Error: Failed opening required 'E:\web2\htdocs\shahkotpk\admin/views/layout.php' (include_path='.;C:\php\pear') in E:\web2\htdocs\shahkotpk\admin\auth-settings.php:137
Stack trace:
#0 {main}
  thrown @ E:\web2\htdocs\shahkotpk\admin\auth-settings.php:137
[2026-09-29T16:41:43+05:00] FATAL: Uncaught TypeError: blog_title(): Argument #2 ($lang) must be of type string, null given, called in E:\web2\htdocs\shahkotpk\blog.php on line 7 and defined in E:\web2\htdocs\shahkotpk\app\blog.php:25
Stack trace:
#0 E:\web2\htdocs\shahkotpk\blog.php(7): blog_title(Array, NULL)
#1 {main}
  thrown @ E:\web2\htdocs\shahkotpk\app\blog.php:25
[2026-09-29T16:43:40+05:00] FATAL: Uncaught TypeError: blog_title(): Argument #2 ($lang) must be of type string, null given, called in E:\web2\htdocs\shahkotpk\blog.php on line 5 and defined in E:\web2\htdocs\shahkotpk\app\blog.php:25
Stack trace:
#0 E:\web2\htdocs\shahkotpk\blog.php(5): blog_title(Array, NULL)
#1 {main}
  thrown @ E:\web2\htdocs\shahkotpk\app\blog.php:25
[2026-09-29T17:34:21+05:00] FATAL: Uncaught TypeError: blog_title(): Argument #2 ($lang) must be of type string, null given, called in E:\web2\htdocs\shahkotpk\blog.php on line 7 and defined in E:\web2\htdocs\shahkotpk\app\blog.php:25
Stack trace:
#0 E:\web2\htdocs\shahkotpk\blog.php(7): blog_title(Array, NULL)
#1 {main}
  thrown @ E:\web2\htdocs\shahkotpk\app\blog.php:25
[2026-09-29T19:27:33+05:00] FATAL: Uncaught TypeError: blog_title(): Argument #2 ($lang) must be of type string, null given, called in E:\web2\htdocs\shahkotpk\blog.php on line 7 and defined in E:\web2\htdocs\shahkotpk\app\blog.php:25
Stack trace:
#0 E:\web2\htdocs\shahkotpk\blog.php(7): blog_title(Array, NULL)
#1 {main}
  thrown @ E:\web2\htdocs\shahkotpk\app\blog.php:25
[2026-09-29T19:34:56+05:00] FATAL: Uncaught TypeError: blog_title(): Argument #2 ($lang) must be of type string, null given, called in E:\web2\htdocs\shahkotpk\blog.php on line 7 and defined in E:\web2\htdocs\shahkotpk\app\blog.php:25
Stack trace:
#0 E:\web2\htdocs\shahkotpk\blog.php(7): blog_title(Array, NULL)
#1 {main}
  thrown @ E:\web2\htdocs\shahkotpk\app\blog.php:25
